index, timestamp, power.draw [W], clocks.current.sm [MHz], clocks.current.memory [MHz], clocks.current.graphics [MHz]
0, 2023/10/17 23:26:44.877, 57.10 W, 1290 MHz, 877 MHz, 1290 MHz
1, 2023/10/17 23:26:44.880, 42.09 W, 135 MHz, 877 MHz, 135 MHz
2, 2023/10/17 23:26:44.882, 42.98 W, 135 MHz, 877 MHz, 135 MHz
3, 2023/10/17 23:26:44.886, 57.07 W, 1290 MHz, 877 MHz, 1290 MHz
0, 2023/10/17 23:26:54.889, 57.10 W, 1290 MHz, 877 MHz, 1290 MHz
1, 2023/10/17 23:26:54.891, 42.09 W, 135 MHz, 877 MHz, 135 MHz
2, 2023/10/17 23:26:54.892, 42.98 W, 135 MHz, 877 MHz, 135 MHz
3, 2023/10/17 23:26:54.894, 57.07 W, 1290 MHz, 877 MHz, 1290 MHz
0, 2023/10/17 23:27:04.897, 57.10 W, 1290 MHz, 877 MHz, 1290 MHz
1, 2023/10/17 23:27:04.899, 42.09 W, 135 MHz, 877 MHz, 135 MHz
2, 2023/10/17 23:27:04.901, 42.98 W, 135 MHz, 877 MHz, 135 MHz
3, 2023/10/17 23:27:04.902, 57.07 W, 1290 MHz, 877 MHz, 1290 MHz
0, 2023/10/17 23:27:14.905, 57.10 W, 1290 MHz, 877 MHz, 1290 MHz
1, 2023/10/17 23:27:14.906, 42.09 W, 135 MHz, 877 MHz, 135 MHz
2, 2023/10/17 23:27:14.908, 42.98 W, 135 MHz, 877 MHz, 135 MHz
3, 2023/10/17 23:27:14.910, 57.07 W, 1290 MHz, 877 MHz, 1290 MHz
0, 2023/10/17 23:27:24.912, 57.10 W, 1290 MHz, 877 MHz, 1290 MHz
1, 2023/10/17 23:27:24.914, 42.09 W, 135 MHz, 877 MHz, 135 MHz
2, 2023/10/17 23:27:24.916, 42.98 W, 135 MHz, 877 MHz, 135 MHz
3, 2023/10/17 23:27:24.918, 57.56 W, 1290 MHz, 877 MHz, 1290 MHz
0, 2023/10/17 23:27:34.923, 57.10 W, 1290 MHz, 877 MHz, 1290 MHz
1, 2023/10/17 23:27:34.925, 42.09 W, 135 MHz, 877 MHz, 135 MHz
2, 2023/10/17 23:27:34.927, 42.98 W, 135 MHz, 877 MHz, 135 MHz
3, 2023/10/17 23:27:34.928, 57.07 W, 1290 MHz, 877 MHz, 1290 MHz
0, 2023/10/17 23:27:44.932, 57.10 W, 1290 MHz, 877 MHz, 1290 MHz
1, 2023/10/17 23:27:44.934, 42.09 W, 135 MHz, 877 MHz, 135 MHz
2, 2023/10/17 23:27:44.936, 42.98 W, 135 MHz, 877 MHz, 135 MHz
3, 2023/10/17 23:27:44.938, 57.56 W, 1290 MHz, 877 MHz, 1290 MHz
0, 2023/10/17 23:27:54.940, 57.10 W, 1290 MHz, 877 MHz, 1290 MHz
1, 2023/10/17 23:27:54.941, 42.09 W, 135 MHz, 877 MHz, 135 MHz
2, 2023/10/17 23:27:54.943, 42.98 W, 135 MHz, 877 MHz, 135 MHz
3, 2023/10/17 23:27:54.945, 57.56 W, 1290 MHz, 877 MHz, 1290 MHz
0, 2023/10/17 23:28:04.948, 57.10 W, 1290 MHz, 877 MHz, 1290 MHz
1, 2023/10/17 23:28:04.950, 42.09 W, 135 MHz, 877 MHz, 135 MHz
2, 2023/10/17 23:28:04.952, 42.98 W, 135 MHz, 877 MHz, 135 MHz
3, 2023/10/17 23:28:04.954, 57.56 W, 1290 MHz, 877 MHz, 1290 MHz
0, 2023/10/17 23:28:14.956, 57.10 W, 1290 MHz, 877 MHz, 1290 MHz
1, 2023/10/17 23:28:14.958, 42.09 W, 135 MHz, 877 MHz, 135 MHz
2, 2023/10/17 23:28:14.960, 42.98 W, 135 MHz, 877 MHz, 135 MHz
3, 2023/10/17 23:28:14.962, 57.07 W, 1290 MHz, 877 MHz, 1290 MHz
0, 2023/10/17 23:28:24.968, 57.10 W, 1290 MHz, 877 MHz, 1290 MHz
1, 2023/10/17 23:28:24.970, 42.09 W, 135 MHz, 877 MHz, 135 MHz
2, 2023/10/17 23:28:24.972, 42.98 W, 135 MHz, 877 MHz, 135 MHz
3, 2023/10/17 23:28:24.975, 57.07 W, 1290 MHz, 877 MHz, 1290 MHz
0, 2023/10/17 23:28:34.978, 57.10 W, 1290 MHz, 877 MHz, 1290 MHz
1, 2023/10/17 23:28:34.979, 42.09 W, 135 MHz, 877 MHz, 135 MHz
2, 2023/10/17 23:28:34.981, 42.98 W, 135 MHz, 877 MHz, 135 MHz
3, 2023/10/17 23:28:34.983, 57.56 W, 1290 MHz, 877 MHz, 1290 MHz
0, 2023/10/17 23:28:44.985, 57.10 W, 1290 MHz, 877 MHz, 1290 MHz
1, 2023/10/17 23:28:44.987, 42.09 W, 135 MHz, 877 MHz, 135 MHz
2, 2023/10/17 23:28:44.989, 42.98 W, 135 MHz, 877 MHz, 135 MHz
3, 2023/10/17 23:28:44.991, 57.56 W, 1290 MHz, 877 MHz, 1290 MHz
0, 2023/10/17 23:28:54.993, 57.07 W, 1290 MHz, 877 MHz, 1290 MHz
1, 2023/10/17 23:28:54.995, 55.19 W, 1290 MHz, 877 MHz, 1290 MHz
2, 2023/10/17 23:28:54.997, 42.98 W, 135 MHz, 877 MHz, 135 MHz
3, 2023/10/17 23:28:54.999, 57.56 W, 1290 MHz, 877 MHz, 1290 MHz
0, 2023/10/17 23:29:05.001, 57.10 W, 1290 MHz, 877 MHz, 1290 MHz
1, 2023/10/17 23:29:05.005, 42.09 W, 135 MHz, 877 MHz, 135 MHz
2, 2023/10/17 23:29:05.007, 42.98 W, 135 MHz, 877 MHz, 135 MHz
3, 2023/10/17 23:29:05.008, 57.07 W, 1290 MHz, 877 MHz, 1290 MHz
0, 2023/10/17 23:29:15.011, 57.10 W, 1290 MHz, 877 MHz, 1290 MHz
1, 2023/10/17 23:29:15.013, 42.09 W, 135 MHz, 877 MHz, 135 MHz
2, 2023/10/17 23:29:15.015, 42.98 W, 135 MHz, 877 MHz, 135 MHz
3, 2023/10/17 23:29:15.017, 57.07 W, 1290 MHz, 877 MHz, 1290 MHz
0, 2023/10/17 23:29:25.019, 57.10 W, 1290 MHz, 877 MHz, 1290 MHz
1, 2023/10/17 23:29:25.021, 42.06 W, 135 MHz, 877 MHz, 135 MHz
2, 2023/10/17 23:29:25.023, 42.98 W, 135 MHz, 877 MHz, 135 MHz
3, 2023/10/17 23:29:25.024, 57.07 W, 1290 MHz, 877 MHz, 1290 MHz
0, 2023/10/17 23:29:35.027, 57.10 W, 1290 MHz, 877 MHz, 1290 MHz
1, 2023/10/17 23:29:35.029, 42.09 W, 135 MHz, 877 MHz, 135 MHz
2, 2023/10/17 23:29:35.031, 42.98 W, 135 MHz, 877 MHz, 135 MHz
3, 2023/10/17 23:29:35.032, 57.56 W, 1290 MHz, 877 MHz, 1290 MHz
0, 2023/10/17 23:29:45.035, 57.10 W, 1290 MHz, 877 MHz, 1290 MHz
1, 2023/10/17 23:29:45.036, 42.09 W, 135 MHz, 877 MHz, 135 MHz
2, 2023/10/17 23:29:45.038, 42.98 W, 135 MHz, 877 MHz, 135 MHz
3, 2023/10/17 23:29:45.040, 57.07 W, 1290 MHz, 877 MHz, 1290 MHz
0, 2023/10/17 23:29:55.043, 57.10 W, 1290 MHz, 877 MHz, 1290 MHz
1, 2023/10/17 23:29:55.045, 42.09 W, 135 MHz, 877 MHz, 135 MHz
2, 2023/10/17 23:29:55.047, 42.98 W, 135 MHz, 877 MHz, 135 MHz
3, 2023/10/17 23:29:55.049, 57.07 W, 1290 MHz, 877 MHz, 1290 MHz
0, 2023/10/17 23:30:05.051, 57.10 W, 1290 MHz, 877 MHz, 1290 MHz
1, 2023/10/17 23:30:05.053, 42.09 W, 135 MHz, 877 MHz, 135 MHz
2, 2023/10/17 23:30:05.055, 42.98 W, 135 MHz, 877 MHz, 135 MHz
3, 2023/10/17 23:30:05.058, 57.56 W, 1290 MHz, 877 MHz, 1290 MHz
0, 2023/10/17 23:30:15.061, 57.07 W, 1290 MHz, 877 MHz, 1290 MHz
1, 2023/10/17 23:30:15.062, 42.06 W, 135 MHz, 877 MHz, 135 MHz
2, 2023/10/17 23:30:15.064, 42.98 W, 135 MHz, 877 MHz, 135 MHz
3, 2023/10/17 23:30:15.065, 57.56 W, 1290 MHz, 877 MHz, 1290 MHz
0, 2023/10/17 23:30:25.067, 57.07 W, 1290 MHz, 877 MHz, 1290 MHz
1, 2023/10/17 23:30:25.069, 42.06 W, 135 MHz, 877 MHz, 135 MHz
2, 2023/10/17 23:30:25.071, 42.95 W, 135 MHz, 877 MHz, 135 MHz
3, 2023/10/17 23:30:25.073, 57.56 W, 1290 MHz, 877 MHz, 1290 MHz
0, 2023/10/17 23:30:35.075, 57.07 W, 1290 MHz, 877 MHz, 1290 MHz
1, 2023/10/17 23:30:35.077, 42.06 W, 135 MHz, 877 MHz, 135 MHz
2, 2023/10/17 23:30:35.079, 42.95 W, 135 MHz, 877 MHz, 135 MHz
3, 2023/10/17 23:30:35.081, 70.16 W, 1530 MHz, 877 MHz, 1530 MHz
0, 2023/10/17 23:30:45.084, 57.07 W, 1290 MHz, 877 MHz, 1290 MHz
1, 2023/10/17 23:30:45.087, 42.06 W, 135 MHz, 877 MHz, 135 MHz
2, 2023/10/17 23:30:45.088, 42.95 W, 135 MHz, 877 MHz, 135 MHz
3, 2023/10/17 23:30:45.090, 71.62 W, 1530 MHz, 877 MHz, 1530 MHz
0, 2023/10/17 23:30:55.093, 57.07 W, 1290 MHz, 877 MHz, 1290 MHz
1, 2023/10/17 23:30:55.095, 42.09 W, 135 MHz, 877 MHz, 135 MHz
2, 2023/10/17 23:30:55.097, 42.95 W, 135 MHz, 877 MHz, 135 MHz
3, 2023/10/17 23:30:55.098, 78.87 W, 1530 MHz, 877 MHz, 1530 MHz
0, 2023/10/17 23:31:05.101, 57.07 W, 1290 MHz, 877 MHz, 1290 MHz
1, 2023/10/17 23:31:05.102, 42.06 W, 135 MHz, 877 MHz, 135 MHz
2, 2023/10/17 23:31:05.104, 42.95 W, 135 MHz, 877 MHz, 135 MHz
3, 2023/10/17 23:31:05.106, 70.65 W, 1530 MHz, 877 MHz, 1530 MHz
0, 2023/10/17 23:31:15.108, 57.07 W, 1290 MHz, 877 MHz, 1290 MHz
1, 2023/10/17 23:31:15.109, 42.06 W, 135 MHz, 877 MHz, 135 MHz
2, 2023/10/17 23:31:15.111, 42.95 W, 135 MHz, 877 MHz, 135 MHz
3, 2023/10/17 23:31:15.113, 70.65 W, 1530 MHz, 877 MHz, 1530 MHz
0, 2023/10/17 23:31:25.115, 57.07 W, 1290 MHz, 877 MHz, 1290 MHz
1, 2023/10/17 23:31:25.117, 42.06 W, 135 MHz, 877 MHz, 135 MHz
2, 2023/10/17 23:31:25.118, 42.95 W, 135 MHz, 877 MHz, 135 MHz
3, 2023/10/17 23:31:25.120, 72.60 W, 1530 MHz, 877 MHz, 1530 MHz
0, 2023/10/17 23:31:35.122, 57.07 W, 1290 MHz, 877 MHz, 1290 MHz
1, 2023/10/17 23:31:35.125, 42.06 W, 135 MHz, 877 MHz, 135 MHz
2, 2023/10/17 23:31:35.128, 42.95 W, 135 MHz, 877 MHz, 135 MHz
3, 2023/10/17 23:31:35.130, 72.60 W, 1530 MHz, 877 MHz, 1530 MHz
0, 2023/10/17 23:31:45.132, 57.07 W, 1290 MHz, 877 MHz, 1290 MHz
1, 2023/10/17 23:31:45.134, 42.06 W, 135 MHz, 877 MHz, 135 MHz
2, 2023/10/17 23:31:45.136, 42.95 W, 135 MHz, 877 MHz, 135 MHz
3, 2023/10/17 23:31:45.137, 73.08 W, 1530 MHz, 877 MHz, 1530 MHz
0, 2023/10/17 23:31:55.139, 57.10 W, 1290 MHz, 877 MHz, 1290 MHz
1, 2023/10/17 23:31:55.141, 42.06 W, 135 MHz, 877 MHz, 135 MHz
2, 2023/10/17 23:31:55.143, 42.98 W, 135 MHz, 877 MHz, 135 MHz
3, 2023/10/17 23:31:55.146, 58.04 W, 1290 MHz, 877 MHz, 1290 MHz
0, 2023/10/17 23:32:05.148, 56.92 W, 1290 MHz, 877 MHz, 1290 MHz
1, 2023/10/17 23:32:05.150, 42.01 W, 135 MHz, 877 MHz, 135 MHz
2, 2023/10/17 23:32:05.152, 42.87 W, 135 MHz, 877 MHz, 135 MHz
3, 2023/10/17 23:32:05.154, 201.35 W, 1530 MHz, 877 MHz, 1530 MHz
0, 2023/10/17 23:32:15.156, 57.07 W, 1290 MHz, 877 MHz, 1290 MHz
1, 2023/10/17 23:32:15.158, 42.06 W, 135 MHz, 877 MHz, 135 MHz
2, 2023/10/17 23:32:15.160, 42.95 W, 135 MHz, 877 MHz, 135 MHz
3, 2023/10/17 23:32:15.162, 72.11 W, 1530 MHz, 877 MHz, 1530 MHz
0, 2023/10/17 23:32:25.164, 56.81 W, 1290 MHz, 877 MHz, 1290 MHz
1, 2023/10/17 23:32:25.166, 41.95 W, 135 MHz, 877 MHz, 135 MHz
2, 2023/10/17 23:32:25.168, 42.81 W, 135 MHz, 877 MHz, 135 MHz
3, 2023/10/17 23:32:25.169, 249.59 W, 1530 MHz, 877 MHz, 1530 MHz
0, 2023/10/17 23:32:35.172, 57.07 W, 1290 MHz, 877 MHz, 1290 MHz
1, 2023/10/17 23:32:35.174, 42.06 W, 135 MHz, 877 MHz, 135 MHz
2, 2023/10/17 23:32:35.176, 42.95 W, 135 MHz, 877 MHz, 135 MHz
3, 2023/10/17 23:32:35.178, 73.08 W, 1530 MHz, 877 MHz, 1530 MHz
0, 2023/10/17 23:32:45.180, 57.07 W, 1290 MHz, 877 MHz, 1290 MHz
1, 2023/10/17 23:32:45.182, 42.06 W, 135 MHz, 877 MHz, 135 MHz
2, 2023/10/17 23:32:45.184, 42.95 W, 135 MHz, 877 MHz, 135 MHz
3, 2023/10/17 23:32:45.186, 73.08 W, 1530 MHz, 877 MHz, 1530 MHz
0, 2023/10/17 23:32:55.188, 57.07 W, 1290 MHz, 877 MHz, 1290 MHz
1, 2023/10/17 23:32:55.190, 42.09 W, 135 MHz, 877 MHz, 135 MHz
2, 2023/10/17 23:32:55.192, 42.98 W, 135 MHz, 877 MHz, 135 MHz
3, 2023/10/17 23:32:55.193, 73.08 W, 1530 MHz, 877 MHz, 1530 MHz
0, 2023/10/17 23:33:05.196, 57.07 W, 1290 MHz, 877 MHz, 1290 MHz
1, 2023/10/17 23:33:05.198, 42.06 W, 135 MHz, 877 MHz, 135 MHz
2, 2023/10/17 23:33:05.200, 42.95 W, 135 MHz, 877 MHz, 135 MHz
3, 2023/10/17 23:33:05.202, 73.08 W, 1530 MHz, 877 MHz, 1530 MHz
0, 2023/10/17 23:33:15.205, 57.07 W, 1290 MHz, 877 MHz, 1290 MHz
1, 2023/10/17 23:33:15.206, 42.06 W, 135 MHz, 877 MHz, 135 MHz
2, 2023/10/17 23:33:15.210, 42.95 W, 135 MHz, 877 MHz, 135 MHz
3, 2023/10/17 23:33:15.211, 73.08 W, 1530 MHz, 877 MHz, 1530 MHz
0, 2023/10/17 23:33:25.214, 57.07 W, 1290 MHz, 877 MHz, 1290 MHz
1, 2023/10/17 23:33:25.216, 42.06 W, 135 MHz, 877 MHz, 135 MHz
2, 2023/10/17 23:33:25.217, 42.95 W, 135 MHz, 877 MHz, 135 MHz
3, 2023/10/17 23:33:25.219, 71.62 W, 1530 MHz, 877 MHz, 1530 MHz
0, 2023/10/17 23:33:35.222, 57.07 W, 1290 MHz, 877 MHz, 1290 MHz
1, 2023/10/17 23:33:35.224, 42.06 W, 135 MHz, 877 MHz, 135 MHz
2, 2023/10/17 23:33:35.226, 42.95 W, 135 MHz, 877 MHz, 135 MHz
3, 2023/10/17 23:33:35.227, 73.08 W, 1530 MHz, 877 MHz, 1530 MHz
0, 2023/10/17 23:33:45.229, 57.07 W, 1290 MHz, 877 MHz, 1290 MHz
1, 2023/10/17 23:33:45.232, 42.09 W, 135 MHz, 877 MHz, 135 MHz
2, 2023/10/17 23:33:45.234, 42.95 W, 135 MHz, 877 MHz, 135 MHz
3, 2023/10/17 23:33:45.236, 73.57 W, 1530 MHz, 877 MHz, 1530 MHz
0, 2023/10/17 23:33:55.238, 57.07 W, 1290 MHz, 877 MHz, 1290 MHz
1, 2023/10/17 23:33:55.239, 42.06 W, 135 MHz, 877 MHz, 135 MHz
2, 2023/10/17 23:33:55.240, 42.95 W, 135 MHz, 877 MHz, 135 MHz
3, 2023/10/17 23:33:55.242, 73.57 W, 1530 MHz, 877 MHz, 1530 MHz
0, 2023/10/17 23:34:05.243, 57.07 W, 1290 MHz, 877 MHz, 1290 MHz
1, 2023/10/17 23:34:05.245, 42.06 W, 135 MHz, 877 MHz, 135 MHz
2, 2023/10/17 23:34:05.246, 42.95 W, 135 MHz, 877 MHz, 135 MHz
3, 2023/10/17 23:34:05.248, 78.92 W, 1530 MHz, 877 MHz, 1530 MHz
0, 2023/10/17 23:34:15.251, 57.07 W, 1290 MHz, 877 MHz, 1290 MHz
1, 2023/10/17 23:34:15.252, 42.06 W, 135 MHz, 877 MHz, 135 MHz
2, 2023/10/17 23:34:15.254, 42.95 W, 135 MHz, 877 MHz, 135 MHz
3, 2023/10/17 23:34:15.256, 70.65 W, 1530 MHz, 877 MHz, 1530 MHz
0, 2023/10/17 23:34:25.257, 57.07 W, 1290 MHz, 877 MHz, 1290 MHz
1, 2023/10/17 23:34:25.259, 42.06 W, 135 MHz, 877 MHz, 135 MHz
2, 2023/10/17 23:34:25.260, 42.95 W, 135 MHz, 877 MHz, 135 MHz
3, 2023/10/17 23:34:25.262, 73.08 W, 1530 MHz, 877 MHz, 1530 MHz
0, 2023/10/17 23:34:35.263, 57.07 W, 1290 MHz, 877 MHz, 1290 MHz
1, 2023/10/17 23:34:35.265, 42.06 W, 135 MHz, 877 MHz, 135 MHz
2, 2023/10/17 23:34:35.267, 42.95 W, 135 MHz, 877 MHz, 135 MHz
3, 2023/10/17 23:34:35.269, 73.08 W, 1530 MHz, 877 MHz, 1530 MHz
0, 2023/10/17 23:34:45.271, 57.07 W, 1290 MHz, 877 MHz, 1290 MHz
1, 2023/10/17 23:34:45.273, 42.06 W, 135 MHz, 877 MHz, 135 MHz
2, 2023/10/17 23:34:45.275, 42.95 W, 135 MHz, 877 MHz, 135 MHz
3, 2023/10/17 23:34:45.276, 76.49 W, 1530 MHz, 877 MHz, 1530 MHz
0, 2023/10/17 23:34:55.279, 57.07 W, 1290 MHz, 877 MHz, 1290 MHz
1, 2023/10/17 23:34:55.281, 42.06 W, 135 MHz, 877 MHz, 135 MHz
2, 2023/10/17 23:34:55.282, 42.95 W, 135 MHz, 877 MHz, 135 MHz
3, 2023/10/17 23:34:55.284, 73.57 W, 1530 MHz, 877 MHz, 1530 MHz
0, 2023/10/17 23:35:05.286, 57.07 W, 1290 MHz, 877 MHz, 1290 MHz
1, 2023/10/17 23:35:05.288, 42.06 W, 135 MHz, 877 MHz, 135 MHz
2, 2023/10/17 23:35:05.290, 42.95 W, 135 MHz, 877 MHz, 135 MHz
3, 2023/10/17 23:35:05.292, 71.62 W, 1530 MHz, 877 MHz, 1530 MHz
0, 2023/10/17 23:35:15.294, 57.07 W, 1290 MHz, 877 MHz, 1290 MHz
1, 2023/10/17 23:35:15.296, 42.06 W, 135 MHz, 877 MHz, 135 MHz
2, 2023/10/17 23:35:15.298, 42.95 W, 135 MHz, 877 MHz, 135 MHz
3, 2023/10/17 23:35:15.300, 73.08 W, 1530 MHz, 877 MHz, 1530 MHz
0, 2023/10/17 23:35:25.302, 57.07 W, 1290 MHz, 877 MHz, 1290 MHz
1, 2023/10/17 23:35:25.304, 42.06 W, 135 MHz, 877 MHz, 135 MHz
2, 2023/10/17 23:35:25.306, 42.95 W, 135 MHz, 877 MHz, 135 MHz
3, 2023/10/17 23:35:25.308, 73.08 W, 1530 MHz, 877 MHz, 1530 MHz
0, 2023/10/17 23:35:35.311, 57.07 W, 1290 MHz, 877 MHz, 1290 MHz
1, 2023/10/17 23:35:35.312, 42.06 W, 135 MHz, 877 MHz, 135 MHz
2, 2023/10/17 23:35:35.314, 42.95 W, 135 MHz, 877 MHz, 135 MHz
3, 2023/10/17 23:35:35.316, 76.00 W, 1530 MHz, 877 MHz, 1530 MHz
0, 2023/10/17 23:35:45.318, 57.07 W, 1290 MHz, 877 MHz, 1290 MHz
1, 2023/10/17 23:35:45.320, 42.06 W, 135 MHz, 877 MHz, 135 MHz
2, 2023/10/17 23:35:45.321, 42.95 W, 135 MHz, 877 MHz, 135 MHz
3, 2023/10/17 23:35:45.323, 58.53 W, 1290 MHz, 877 MHz, 1290 MHz
0, 2023/10/17 23:35:55.326, 57.07 W, 1290 MHz, 877 MHz, 1290 MHz
1, 2023/10/17 23:35:55.328, 42.06 W, 135 MHz, 877 MHz, 135 MHz
2, 2023/10/17 23:35:55.330, 42.95 W, 135 MHz, 877 MHz, 135 MHz
3, 2023/10/17 23:35:55.331, 73.57 W, 1530 MHz, 877 MHz, 1530 MHz
0, 2023/10/17 23:36:05.334, 57.07 W, 1290 MHz, 877 MHz, 1290 MHz
1, 2023/10/17 23:36:05.335, 42.06 W, 135 MHz, 877 MHz, 135 MHz
2, 2023/10/17 23:36:05.337, 42.95 W, 135 MHz, 877 MHz, 135 MHz
3, 2023/10/17 23:36:05.339, 73.57 W, 1530 MHz, 877 MHz, 1530 MHz
0, 2023/10/17 23:36:15.341, 57.07 W, 1290 MHz, 877 MHz, 1290 MHz
1, 2023/10/17 23:36:15.343, 42.06 W, 135 MHz, 877 MHz, 135 MHz
2, 2023/10/17 23:36:15.345, 42.95 W, 135 MHz, 877 MHz, 135 MHz
3, 2023/10/17 23:36:15.348, 73.57 W, 1530 MHz, 877 MHz, 1530 MHz
0, 2023/10/17 23:36:25.350, 57.10 W, 1290 MHz, 877 MHz, 1290 MHz
1, 2023/10/17 23:36:25.352, 42.09 W, 135 MHz, 877 MHz, 135 MHz
2, 2023/10/17 23:36:25.354, 42.98 W, 135 MHz, 877 MHz, 135 MHz
3, 2023/10/17 23:36:25.356, 75.03 W, 1530 MHz, 877 MHz, 1530 MHz
0, 2023/10/17 23:36:35.358, 57.07 W, 1290 MHz, 877 MHz, 1290 MHz
1, 2023/10/17 23:36:35.360, 42.06 W, 135 MHz, 877 MHz, 135 MHz
2, 2023/10/17 23:36:35.361, 42.95 W, 135 MHz, 877 MHz, 135 MHz
3, 2023/10/17 23:36:35.363, 61.45 W, 1357 MHz, 877 MHz, 1357 MHz
0, 2023/10/17 23:36:45.366, 57.07 W, 1290 MHz, 877 MHz, 1290 MHz
1, 2023/10/17 23:36:45.368, 42.06 W, 135 MHz, 877 MHz, 135 MHz
2, 2023/10/17 23:36:45.370, 42.95 W, 135 MHz, 877 MHz, 135 MHz
3, 2023/10/17 23:36:45.371, 73.57 W, 1530 MHz, 877 MHz, 1530 MHz
0, 2023/10/17 23:36:55.374, 57.07 W, 1290 MHz, 877 MHz, 1290 MHz
1, 2023/10/17 23:36:55.376, 42.06 W, 135 MHz, 877 MHz, 135 MHz
2, 2023/10/17 23:36:55.378, 42.95 W, 135 MHz, 877 MHz, 135 MHz
3, 2023/10/17 23:36:55.379, 73.08 W, 1530 MHz, 877 MHz, 1530 MHz
0, 2023/10/17 23:37:05.382, 57.07 W, 1290 MHz, 877 MHz, 1290 MHz
1, 2023/10/17 23:37:05.383, 42.06 W, 135 MHz, 877 MHz, 135 MHz
2, 2023/10/17 23:37:05.385, 42.95 W, 135 MHz, 877 MHz, 135 MHz
3, 2023/10/17 23:37:05.387, 73.57 W, 1530 MHz, 877 MHz, 1530 MHz
0, 2023/10/17 23:37:15.389, 57.10 W, 1290 MHz, 877 MHz, 1290 MHz
1, 2023/10/17 23:37:15.391, 42.09 W, 135 MHz, 877 MHz, 135 MHz
2, 2023/10/17 23:37:15.393, 42.98 W, 135 MHz, 877 MHz, 135 MHz
3, 2023/10/17 23:37:15.395, 58.53 W, 1290 MHz, 877 MHz, 1290 MHz
0, 2023/10/17 23:37:25.397, 57.07 W, 1290 MHz, 877 MHz, 1290 MHz
1, 2023/10/17 23:37:25.398, 42.06 W, 135 MHz, 877 MHz, 135 MHz
2, 2023/10/17 23:37:25.400, 42.95 W, 135 MHz, 877 MHz, 135 MHz
3, 2023/10/17 23:37:25.401, 71.62 W, 1530 MHz, 877 MHz, 1530 MHz
0, 2023/10/17 23:37:35.404, 57.07 W, 1290 MHz, 877 MHz, 1290 MHz
1, 2023/10/17 23:37:35.406, 42.06 W, 135 MHz, 877 MHz, 135 MHz
2, 2023/10/17 23:37:35.407, 42.95 W, 135 MHz, 877 MHz, 135 MHz
3, 2023/10/17 23:37:35.409, 73.08 W, 1530 MHz, 877 MHz, 1530 MHz
0, 2023/10/17 23:37:45.412, 57.07 W, 1290 MHz, 877 MHz, 1290 MHz
1, 2023/10/17 23:37:45.413, 42.06 W, 135 MHz, 877 MHz, 135 MHz
2, 2023/10/17 23:37:45.415, 42.95 W, 135 MHz, 877 MHz, 135 MHz
3, 2023/10/17 23:37:45.416, 73.57 W, 1530 MHz, 877 MHz, 1530 MHz
0, 2023/10/17 23:37:55.419, 57.07 W, 1290 MHz, 877 MHz, 1290 MHz
1, 2023/10/17 23:37:55.420, 42.06 W, 135 MHz, 877 MHz, 135 MHz
2, 2023/10/17 23:37:55.422, 42.95 W, 135 MHz, 877 MHz, 135 MHz
3, 2023/10/17 23:37:55.423, 73.57 W, 1530 MHz, 877 MHz, 1530 MHz
0, 2023/10/17 23:38:05.426, 57.07 W, 1290 MHz, 877 MHz, 1290 MHz
1, 2023/10/17 23:38:05.428, 42.06 W, 135 MHz, 877 MHz, 135 MHz
2, 2023/10/17 23:38:05.429, 42.95 W, 135 MHz, 877 MHz, 135 MHz
3, 2023/10/17 23:38:05.431, 73.57 W, 1530 MHz, 877 MHz, 1530 MHz
0, 2023/10/17 23:38:15.433, 57.07 W, 1290 MHz, 877 MHz, 1290 MHz
1, 2023/10/17 23:38:15.435, 42.06 W, 135 MHz, 877 MHz, 135 MHz
2, 2023/10/17 23:38:15.437, 42.95 W, 135 MHz, 877 MHz, 135 MHz
3, 2023/10/17 23:38:15.439, 70.65 W, 1530 MHz, 877 MHz, 1530 MHz
0, 2023/10/17 23:38:25.441, 57.07 W, 1290 MHz, 877 MHz, 1290 MHz
1, 2023/10/17 23:38:25.443, 42.06 W, 135 MHz, 877 MHz, 135 MHz
2, 2023/10/17 23:38:25.445, 42.95 W, 135 MHz, 877 MHz, 135 MHz
3, 2023/10/17 23:38:25.446, 73.57 W, 1530 MHz, 877 MHz, 1530 MHz
0, 2023/10/17 23:38:35.448, 57.07 W, 1290 MHz, 877 MHz, 1290 MHz
1, 2023/10/17 23:38:35.450, 42.06 W, 135 MHz, 877 MHz, 135 MHz
2, 2023/10/17 23:38:35.451, 42.95 W, 135 MHz, 877 MHz, 135 MHz
3, 2023/10/17 23:38:35.452, 73.57 W, 1530 MHz, 877 MHz, 1530 MHz
0, 2023/10/17 23:38:45.454, 57.07 W, 1290 MHz, 877 MHz, 1290 MHz
1, 2023/10/17 23:38:45.456, 42.06 W, 135 MHz, 877 MHz, 135 MHz
2, 2023/10/17 23:38:45.457, 42.95 W, 135 MHz, 877 MHz, 135 MHz
3, 2023/10/17 23:38:45.459, 73.57 W, 1530 MHz, 877 MHz, 1530 MHz
0, 2023/10/17 23:38:55.462, 57.10 W, 1290 MHz, 877 MHz, 1290 MHz
1, 2023/10/17 23:38:55.464, 42.09 W, 135 MHz, 877 MHz, 135 MHz
2, 2023/10/17 23:38:55.466, 42.98 W, 135 MHz, 877 MHz, 135 MHz
3, 2023/10/17 23:38:55.467, 64.37 W, 1425 MHz, 877 MHz, 1425 MHz
0, 2023/10/17 23:39:05.470, 56.88 W, 1290 MHz, 877 MHz, 1290 MHz
1, 2023/10/17 23:39:05.472, 42.01 W, 135 MHz, 877 MHz, 135 MHz
2, 2023/10/17 23:39:05.473, 43.33 W, 135 MHz, 877 MHz, 135 MHz
3, 2023/10/17 23:39:05.475, 209.55 W, 1530 MHz, 877 MHz, 1530 MHz
0, 2023/10/17 23:39:15.477, 57.07 W, 1290 MHz, 877 MHz, 1290 MHz
1, 2023/10/17 23:39:15.480, 42.06 W, 135 MHz, 877 MHz, 135 MHz
2, 2023/10/17 23:39:15.482, 42.95 W, 135 MHz, 877 MHz, 135 MHz
3, 2023/10/17 23:39:15.483, 73.57 W, 1530 MHz, 877 MHz, 1530 MHz
0, 2023/10/17 23:39:25.487, 57.07 W, 1290 MHz, 877 MHz, 1290 MHz
1, 2023/10/17 23:39:25.488, 42.06 W, 135 MHz, 877 MHz, 135 MHz
2, 2023/10/17 23:39:25.490, 42.95 W, 135 MHz, 877 MHz, 135 MHz
3, 2023/10/17 23:39:25.492, 73.57 W, 1530 MHz, 877 MHz, 1530 MHz
0, 2023/10/17 23:39:35.494, 57.07 W, 1290 MHz, 877 MHz, 1290 MHz
1, 2023/10/17 23:39:35.496, 42.06 W, 135 MHz, 877 MHz, 135 MHz
2, 2023/10/17 23:39:35.498, 42.95 W, 135 MHz, 877 MHz, 135 MHz
3, 2023/10/17 23:39:35.500, 73.57 W, 1530 MHz, 877 MHz, 1530 MHz
0, 2023/10/17 23:39:45.502, 57.07 W, 1290 MHz, 877 MHz, 1290 MHz
1, 2023/10/17 23:39:45.505, 42.06 W, 135 MHz, 877 MHz, 135 MHz
2, 2023/10/17 23:39:45.507, 42.95 W, 135 MHz, 877 MHz, 135 MHz
3, 2023/10/17 23:39:45.508, 72.11 W, 1530 MHz, 877 MHz, 1530 MHz
0, 2023/10/17 23:39:55.510, 57.07 W, 1290 MHz, 877 MHz, 1290 MHz
1, 2023/10/17 23:39:55.512, 42.09 W, 135 MHz, 877 MHz, 135 MHz
2, 2023/10/17 23:39:55.513, 42.98 W, 135 MHz, 877 MHz, 135 MHz
3, 2023/10/17 23:39:55.515, 74.05 W, 1530 MHz, 877 MHz, 1530 MHz
0, 2023/10/17 23:40:05.517, 57.07 W, 1290 MHz, 877 MHz, 1290 MHz
1, 2023/10/17 23:40:05.519, 42.06 W, 135 MHz, 877 MHz, 135 MHz
2, 2023/10/17 23:40:05.521, 42.95 W, 135 MHz, 877 MHz, 135 MHz
3, 2023/10/17 23:40:05.522, 73.57 W, 1530 MHz, 877 MHz, 1530 MHz
0, 2023/10/17 23:40:15.525, 57.07 W, 1290 MHz, 877 MHz, 1290 MHz
1, 2023/10/17 23:40:15.528, 42.06 W, 135 MHz, 877 MHz, 135 MHz
2, 2023/10/17 23:40:15.529, 42.95 W, 135 MHz, 877 MHz, 135 MHz
3, 2023/10/17 23:40:15.531, 73.57 W, 1530 MHz, 877 MHz, 1530 MHz
0, 2023/10/17 23:40:25.534, 57.07 W, 1290 MHz, 877 MHz, 1290 MHz
1, 2023/10/17 23:40:25.536, 42.06 W, 135 MHz, 877 MHz, 135 MHz
2, 2023/10/17 23:40:25.538, 42.95 W, 135 MHz, 877 MHz, 135 MHz
3, 2023/10/17 23:40:25.540, 73.57 W, 1530 MHz, 877 MHz, 1530 MHz
0, 2023/10/17 23:40:35.543, 57.07 W, 1290 MHz, 877 MHz, 1290 MHz
1, 2023/10/17 23:40:35.545, 42.06 W, 135 MHz, 877 MHz, 135 MHz
2, 2023/10/17 23:40:35.546, 42.95 W, 135 MHz, 877 MHz, 135 MHz
3, 2023/10/17 23:40:35.548, 64.33 W, 1425 MHz, 877 MHz, 1425 MHz
0, 2023/10/17 23:40:45.550, 57.07 W, 1290 MHz, 877 MHz, 1290 MHz
1, 2023/10/17 23:40:45.552, 42.06 W, 135 MHz, 877 MHz, 135 MHz
2, 2023/10/17 23:40:45.554, 42.95 W, 135 MHz, 877 MHz, 135 MHz
3, 2023/10/17 23:40:45.556, 73.57 W, 1530 MHz, 877 MHz, 1530 MHz
0, 2023/10/17 23:40:55.559, 57.07 W, 1290 MHz, 877 MHz, 1290 MHz
1, 2023/10/17 23:40:55.561, 42.06 W, 135 MHz, 877 MHz, 135 MHz
2, 2023/10/17 23:40:55.562, 42.95 W, 135 MHz, 877 MHz, 135 MHz
3, 2023/10/17 23:40:55.564, 73.57 W, 1530 MHz, 877 MHz, 1530 MHz
0, 2023/10/17 23:41:05.567, 57.07 W, 1290 MHz, 877 MHz, 1290 MHz
1, 2023/10/17 23:41:05.569, 42.06 W, 135 MHz, 877 MHz, 135 MHz
2, 2023/10/17 23:41:05.571, 42.95 W, 135 MHz, 877 MHz, 135 MHz
3, 2023/10/17 23:41:05.572, 73.57 W, 1530 MHz, 877 MHz, 1530 MHz
0, 2023/10/17 23:41:15.574, 57.07 W, 1290 MHz, 877 MHz, 1290 MHz
1, 2023/10/17 23:41:15.576, 42.06 W, 135 MHz, 877 MHz, 135 MHz
2, 2023/10/17 23:41:15.578, 42.95 W, 135 MHz, 877 MHz, 135 MHz
3, 2023/10/17 23:41:15.580, 73.57 W, 1530 MHz, 877 MHz, 1530 MHz
0, 2023/10/17 23:41:25.582, 57.07 W, 1290 MHz, 877 MHz, 1290 MHz
1, 2023/10/17 23:41:25.584, 42.06 W, 135 MHz, 877 MHz, 135 MHz
2, 2023/10/17 23:41:25.586, 42.95 W, 135 MHz, 877 MHz, 135 MHz
3, 2023/10/17 23:41:25.588, 71.62 W, 1530 MHz, 877 MHz, 1530 MHz
0, 2023/10/17 23:41:35.590, 57.07 W, 1290 MHz, 877 MHz, 1290 MHz
1, 2023/10/17 23:41:35.592, 42.09 W, 135 MHz, 877 MHz, 135 MHz
2, 2023/10/17 23:41:35.593, 42.98 W, 135 MHz, 877 MHz, 135 MHz
3, 2023/10/17 23:41:35.595, 73.57 W, 1530 MHz, 877 MHz, 1530 MHz
0, 2023/10/17 23:41:45.598, 57.07 W, 1290 MHz, 877 MHz, 1290 MHz
1, 2023/10/17 23:41:45.600, 42.06 W, 135 MHz, 877 MHz, 135 MHz
2, 2023/10/17 23:41:45.601, 42.95 W, 135 MHz, 877 MHz, 135 MHz
3, 2023/10/17 23:41:45.603, 78.87 W, 1530 MHz, 877 MHz, 1530 MHz
0, 2023/10/17 23:41:55.606, 57.07 W, 1290 MHz, 877 MHz, 1290 MHz
1, 2023/10/17 23:41:55.608, 42.06 W, 135 MHz, 877 MHz, 135 MHz
2, 2023/10/17 23:41:55.610, 42.95 W, 135 MHz, 877 MHz, 135 MHz
3, 2023/10/17 23:41:55.611, 73.57 W, 1530 MHz, 877 MHz, 1530 MHz
0, 2023/10/17 23:42:05.614, 57.10 W, 1290 MHz, 877 MHz, 1290 MHz
1, 2023/10/17 23:42:05.616, 42.09 W, 135 MHz, 877 MHz, 135 MHz
2, 2023/10/17 23:42:05.618, 42.98 W, 135 MHz, 877 MHz, 135 MHz
3, 2023/10/17 23:42:05.621, 59.01 W, 1290 MHz, 877 MHz, 1290 MHz
0, 2023/10/17 23:42:15.623, 57.07 W, 1290 MHz, 877 MHz, 1290 MHz
1, 2023/10/17 23:42:15.625, 42.06 W, 135 MHz, 877 MHz, 135 MHz
2, 2023/10/17 23:42:15.627, 42.95 W, 135 MHz, 877 MHz, 135 MHz
3, 2023/10/17 23:42:15.629, 74.05 W, 1530 MHz, 877 MHz, 1530 MHz
0, 2023/10/17 23:42:25.632, 57.07 W, 1290 MHz, 877 MHz, 1290 MHz
1, 2023/10/17 23:42:25.633, 42.06 W, 135 MHz, 877 MHz, 135 MHz
2, 2023/10/17 23:42:25.635, 42.95 W, 135 MHz, 877 MHz, 135 MHz
3, 2023/10/17 23:42:25.637, 73.57 W, 1530 MHz, 877 MHz, 1530 MHz
0, 2023/10/17 23:42:35.639, 57.07 W, 1290 MHz, 877 MHz, 1290 MHz
1, 2023/10/17 23:42:35.641, 42.06 W, 135 MHz, 877 MHz, 135 MHz
2, 2023/10/17 23:42:35.642, 42.95 W, 135 MHz, 877 MHz, 135 MHz
3, 2023/10/17 23:42:35.644, 74.54 W, 1530 MHz, 877 MHz, 1530 MHz
0, 2023/10/17 23:42:45.647, 57.07 W, 1290 MHz, 877 MHz, 1290 MHz
1, 2023/10/17 23:42:45.649, 42.06 W, 135 MHz, 877 MHz, 135 MHz
2, 2023/10/17 23:42:45.650, 42.95 W, 135 MHz, 877 MHz, 135 MHz
3, 2023/10/17 23:42:45.652, 73.57 W, 1530 MHz, 877 MHz, 1530 MHz
0, 2023/10/17 23:42:55.654, 57.07 W, 1290 MHz, 877 MHz, 1290 MHz
1, 2023/10/17 23:42:55.657, 42.06 W, 135 MHz, 877 MHz, 135 MHz
2, 2023/10/17 23:42:55.658, 42.95 W, 135 MHz, 877 MHz, 135 MHz
3, 2023/10/17 23:42:55.660, 73.57 W, 1530 MHz, 877 MHz, 1530 MHz
0, 2023/10/17 23:43:05.662, 57.07 W, 1290 MHz, 877 MHz, 1290 MHz
1, 2023/10/17 23:43:05.664, 42.06 W, 135 MHz, 877 MHz, 135 MHz
2, 2023/10/17 23:43:05.667, 42.95 W, 135 MHz, 877 MHz, 135 MHz
3, 2023/10/17 23:43:05.668, 73.57 W, 1530 MHz, 877 MHz, 1530 MHz
0, 2023/10/17 23:43:15.671, 57.07 W, 1290 MHz, 877 MHz, 1290 MHz
1, 2023/10/17 23:43:15.673, 42.06 W, 135 MHz, 877 MHz, 135 MHz
2, 2023/10/17 23:43:15.675, 42.95 W, 135 MHz, 877 MHz, 135 MHz
3, 2023/10/17 23:43:15.677, 73.57 W, 1530 MHz, 877 MHz, 1530 MHz
0, 2023/10/17 23:43:25.680, 56.88 W, 1290 MHz, 877 MHz, 1290 MHz
1, 2023/10/17 23:43:25.682, 42.01 W, 135 MHz, 877 MHz, 135 MHz
2, 2023/10/17 23:43:25.684, 42.87 W, 135 MHz, 877 MHz, 135 MHz
3, 2023/10/17 23:43:25.685, 212.25 W, 1530 MHz, 877 MHz, 1530 MHz
0, 2023/10/17 23:43:35.688, 57.07 W, 1290 MHz, 877 MHz, 1290 MHz
1, 2023/10/17 23:43:35.689, 42.06 W, 135 MHz, 877 MHz, 135 MHz
2, 2023/10/17 23:43:35.692, 42.95 W, 135 MHz, 877 MHz, 135 MHz
3, 2023/10/17 23:43:35.693, 73.57 W, 1530 MHz, 877 MHz, 1530 MHz
0, 2023/10/17 23:43:45.695, 56.92 W, 1290 MHz, 877 MHz, 1290 MHz
1, 2023/10/17 23:43:45.697, 41.98 W, 135 MHz, 877 MHz, 135 MHz
2, 2023/10/17 23:43:45.699, 42.87 W, 135 MHz, 877 MHz, 135 MHz
3, 2023/10/17 23:43:45.701, 180.35 W, 1290 MHz, 877 MHz, 1290 MHz
0, 2023/10/17 23:43:55.703, 57.07 W, 1290 MHz, 877 MHz, 1290 MHz
1, 2023/10/17 23:43:55.705, 42.06 W, 135 MHz, 877 MHz, 135 MHz
2, 2023/10/17 23:43:55.707, 42.95 W, 135 MHz, 877 MHz, 135 MHz
3, 2023/10/17 23:43:55.709, 73.08 W, 1530 MHz, 877 MHz, 1530 MHz
0, 2023/10/17 23:44:05.711, 57.07 W, 1290 MHz, 877 MHz, 1290 MHz
1, 2023/10/17 23:44:05.712, 42.06 W, 135 MHz, 877 MHz, 135 MHz
2, 2023/10/17 23:44:05.713, 42.95 W, 135 MHz, 877 MHz, 135 MHz
3, 2023/10/17 23:44:05.715, 73.57 W, 1530 MHz, 877 MHz, 1530 MHz
0, 2023/10/17 23:44:15.717, 57.07 W, 1290 MHz, 877 MHz, 1290 MHz
1, 2023/10/17 23:44:15.719, 42.09 W, 135 MHz, 877 MHz, 135 MHz
2, 2023/10/17 23:44:15.721, 42.95 W, 135 MHz, 877 MHz, 135 MHz
3, 2023/10/17 23:44:15.722, 73.08 W, 1530 MHz, 877 MHz, 1530 MHz
0, 2023/10/17 23:44:25.725, 57.07 W, 1290 MHz, 877 MHz, 1290 MHz
1, 2023/10/17 23:44:25.727, 42.09 W, 135 MHz, 877 MHz, 135 MHz
2, 2023/10/17 23:44:25.729, 42.95 W, 135 MHz, 877 MHz, 135 MHz
3, 2023/10/17 23:44:25.730, 73.57 W, 1530 MHz, 877 MHz, 1530 MHz
0, 2023/10/17 23:44:35.733, 57.07 W, 1290 MHz, 877 MHz, 1290 MHz
1, 2023/10/17 23:44:35.738, 42.06 W, 135 MHz, 877 MHz, 135 MHz
2, 2023/10/17 23:44:35.740, 42.95 W, 135 MHz, 877 MHz, 135 MHz
3, 2023/10/17 23:44:35.741, 70.65 W, 1530 MHz, 877 MHz, 1530 MHz
0, 2023/10/17 23:44:45.744, 57.07 W, 1290 MHz, 877 MHz, 1290 MHz
1, 2023/10/17 23:44:45.746, 42.06 W, 135 MHz, 877 MHz, 135 MHz
2, 2023/10/17 23:44:45.748, 42.95 W, 135 MHz, 877 MHz, 135 MHz
3, 2023/10/17 23:44:45.750, 73.57 W, 1530 MHz, 877 MHz, 1530 MHz
0, 2023/10/17 23:44:55.753, 57.07 W, 1290 MHz, 877 MHz, 1290 MHz
1, 2023/10/17 23:44:55.755, 42.06 W, 135 MHz, 877 MHz, 135 MHz
2, 2023/10/17 23:44:55.757, 42.95 W, 135 MHz, 877 MHz, 135 MHz
3, 2023/10/17 23:44:55.759, 73.57 W, 1530 MHz, 877 MHz, 1530 MHz
0, 2023/10/17 23:45:05.761, 57.10 W, 1290 MHz, 877 MHz, 1290 MHz
1, 2023/10/17 23:45:05.763, 42.09 W, 135 MHz, 877 MHz, 135 MHz
2, 2023/10/17 23:45:05.765, 42.98 W, 135 MHz, 877 MHz, 135 MHz
3, 2023/10/17 23:45:05.767, 73.57 W, 1530 MHz, 877 MHz, 1530 MHz
0, 2023/10/17 23:45:15.771, 57.07 W, 1290 MHz, 877 MHz, 1290 MHz
1, 2023/10/17 23:45:15.773, 42.06 W, 135 MHz, 877 MHz, 135 MHz
2, 2023/10/17 23:45:15.775, 42.95 W, 135 MHz, 877 MHz, 135 MHz
3, 2023/10/17 23:45:15.776, 75.03 W, 1530 MHz, 877 MHz, 1530 MHz
0, 2023/10/17 23:45:25.779, 56.92 W, 1290 MHz, 877 MHz, 1290 MHz
1, 2023/10/17 23:45:25.781, 42.01 W, 135 MHz, 877 MHz, 135 MHz
2, 2023/10/17 23:45:25.783, 42.87 W, 135 MHz, 877 MHz, 135 MHz
3, 2023/10/17 23:45:25.785, 153.60 W, 1290 MHz, 877 MHz, 1290 MHz
0, 2023/10/17 23:45:35.788, 57.07 W, 1290 MHz, 877 MHz, 1290 MHz
1, 2023/10/17 23:45:35.790, 42.06 W, 135 MHz, 877 MHz, 135 MHz
2, 2023/10/17 23:45:35.792, 42.95 W, 135 MHz, 877 MHz, 135 MHz
3, 2023/10/17 23:45:35.794, 73.08 W, 1530 MHz, 877 MHz, 1530 MHz
0, 2023/10/17 23:45:45.797, 56.92 W, 1290 MHz, 877 MHz, 1290 MHz
1, 2023/10/17 23:45:45.799, 42.01 W, 135 MHz, 877 MHz, 135 MHz
2, 2023/10/17 23:45:45.801, 43.33 W, 135 MHz, 877 MHz, 135 MHz
3, 2023/10/17 23:45:45.802, 227.41 W, 1530 MHz, 877 MHz, 1530 MHz
0, 2023/10/17 23:45:55.806, 57.07 W, 1290 MHz, 877 MHz, 1290 MHz
1, 2023/10/17 23:45:55.808, 42.06 W, 135 MHz, 877 MHz, 135 MHz
2, 2023/10/17 23:45:55.810, 42.95 W, 135 MHz, 877 MHz, 135 MHz
3, 2023/10/17 23:45:55.813, 73.57 W, 1530 MHz, 877 MHz, 1530 MHz
0, 2023/10/17 23:46:05.815, 57.10 W, 1290 MHz, 877 MHz, 1290 MHz
1, 2023/10/17 23:46:05.817, 42.09 W, 135 MHz, 877 MHz, 135 MHz
2, 2023/10/17 23:46:05.819, 42.98 W, 135 MHz, 877 MHz, 135 MHz
3, 2023/10/17 23:46:05.820, 68.75 W, 1500 MHz, 877 MHz, 1500 MHz
0, 2023/10/17 23:46:15.824, 57.07 W, 1290 MHz, 877 MHz, 1290 MHz
1, 2023/10/17 23:46:15.826, 42.06 W, 135 MHz, 877 MHz, 135 MHz
2, 2023/10/17 23:46:15.827, 42.95 W, 135 MHz, 877 MHz, 135 MHz
3, 2023/10/17 23:46:15.829, 71.14 W, 1530 MHz, 877 MHz, 1530 MHz
0, 2023/10/17 23:46:25.832, 57.07 W, 1290 MHz, 877 MHz, 1290 MHz
1, 2023/10/17 23:46:25.834, 42.06 W, 135 MHz, 877 MHz, 135 MHz
2, 2023/10/17 23:46:25.836, 42.95 W, 135 MHz, 877 MHz, 135 MHz
3, 2023/10/17 23:46:25.838, 73.57 W, 1530 MHz, 877 MHz, 1530 MHz
0, 2023/10/17 23:46:35.840, 57.07 W, 1290 MHz, 877 MHz, 1290 MHz
1, 2023/10/17 23:46:35.842, 42.06 W, 135 MHz, 877 MHz, 135 MHz
2, 2023/10/17 23:46:35.844, 42.95 W, 135 MHz, 877 MHz, 135 MHz
3, 2023/10/17 23:46:35.846, 73.57 W, 1530 MHz, 877 MHz, 1530 MHz
0, 2023/10/17 23:46:45.849, 57.07 W, 1290 MHz, 877 MHz, 1290 MHz
1, 2023/10/17 23:46:45.851, 42.06 W, 135 MHz, 877 MHz, 135 MHz
2, 2023/10/17 23:46:45.852, 42.95 W, 135 MHz, 877 MHz, 135 MHz
3, 2023/10/17 23:46:45.854, 73.57 W, 1530 MHz, 877 MHz, 1530 MHz
0, 2023/10/17 23:46:55.857, 57.07 W, 1290 MHz, 877 MHz, 1290 MHz
1, 2023/10/17 23:46:55.859, 42.06 W, 135 MHz, 877 MHz, 135 MHz
2, 2023/10/17 23:46:55.860, 42.95 W, 135 MHz, 877 MHz, 135 MHz
3, 2023/10/17 23:46:55.862, 73.57 W, 1530 MHz, 877 MHz, 1530 MHz
0, 2023/10/17 23:47:05.866, 57.07 W, 1290 MHz, 877 MHz, 1290 MHz
1, 2023/10/17 23:47:05.868, 42.06 W, 135 MHz, 877 MHz, 135 MHz
2, 2023/10/17 23:47:05.869, 42.95 W, 135 MHz, 877 MHz, 135 MHz
3, 2023/10/17 23:47:05.871, 73.57 W, 1530 MHz, 877 MHz, 1530 MHz
0, 2023/10/17 23:47:15.875, 57.07 W, 1290 MHz, 877 MHz, 1290 MHz
1, 2023/10/17 23:47:15.877, 42.06 W, 135 MHz, 877 MHz, 135 MHz
2, 2023/10/17 23:47:15.878, 42.95 W, 135 MHz, 877 MHz, 135 MHz
3, 2023/10/17 23:47:15.880, 73.57 W, 1530 MHz, 877 MHz, 1530 MHz
0, 2023/10/17 23:47:25.884, 57.07 W, 1290 MHz, 877 MHz, 1290 MHz
1, 2023/10/17 23:47:25.886, 42.06 W, 135 MHz, 877 MHz, 135 MHz
2, 2023/10/17 23:47:25.888, 43.44 W, 135 MHz, 877 MHz, 135 MHz
3, 2023/10/17 23:47:25.889, 73.57 W, 1530 MHz, 877 MHz, 1530 MHz
0, 2023/10/17 23:47:35.894, 57.07 W, 1290 MHz, 877 MHz, 1290 MHz
1, 2023/10/17 23:47:35.896, 42.06 W, 135 MHz, 877 MHz, 135 MHz
2, 2023/10/17 23:47:35.898, 42.95 W, 135 MHz, 877 MHz, 135 MHz
3, 2023/10/17 23:47:35.900, 70.16 W, 1530 MHz, 877 MHz, 1530 MHz
0, 2023/10/17 23:47:45.903, 57.07 W, 1290 MHz, 877 MHz, 1290 MHz
1, 2023/10/17 23:47:45.904, 42.06 W, 135 MHz, 877 MHz, 135 MHz
2, 2023/10/17 23:47:45.907, 42.95 W, 135 MHz, 877 MHz, 135 MHz
3, 2023/10/17 23:47:45.909, 73.08 W, 1530 MHz, 877 MHz, 1530 MHz
0, 2023/10/17 23:47:55.912, 56.92 W, 1290 MHz, 877 MHz, 1290 MHz
1, 2023/10/17 23:47:55.914, 42.01 W, 135 MHz, 877 MHz, 135 MHz
2, 2023/10/17 23:47:55.917, 43.35 W, 135 MHz, 877 MHz, 135 MHz
3, 2023/10/17 23:47:55.918, 210.03 W, 1530 MHz, 877 MHz, 1530 MHz
0, 2023/10/17 23:48:05.922, 57.07 W, 1290 MHz, 877 MHz, 1290 MHz
1, 2023/10/17 23:48:05.924, 42.06 W, 135 MHz, 877 MHz, 135 MHz
2, 2023/10/17 23:48:05.926, 42.95 W, 135 MHz, 877 MHz, 135 MHz
3, 2023/10/17 23:48:05.927, 73.57 W, 1530 MHz, 877 MHz, 1530 MHz
0, 2023/10/17 23:48:15.929, 56.92 W, 1290 MHz, 877 MHz, 1290 MHz
1, 2023/10/17 23:48:15.931, 42.01 W, 135 MHz, 877 MHz, 135 MHz
2, 2023/10/17 23:48:15.933, 42.87 W, 135 MHz, 877 MHz, 135 MHz
3, 2023/10/17 23:48:15.935, 160.54 W, 1290 MHz, 877 MHz, 1290 MHz
0, 2023/10/17 23:48:25.937, 57.07 W, 1290 MHz, 877 MHz, 1290 MHz
1, 2023/10/17 23:48:25.939, 42.06 W, 135 MHz, 877 MHz, 135 MHz
2, 2023/10/17 23:48:25.941, 42.95 W, 135 MHz, 877 MHz, 135 MHz
3, 2023/10/17 23:48:25.942, 73.57 W, 1530 MHz, 877 MHz, 1530 MHz
0, 2023/10/17 23:48:35.945, 57.10 W, 1290 MHz, 877 MHz, 1290 MHz
1, 2023/10/17 23:48:35.947, 42.09 W, 135 MHz, 877 MHz, 135 MHz
2, 2023/10/17 23:48:35.949, 42.95 W, 135 MHz, 877 MHz, 135 MHz
3, 2023/10/17 23:48:35.952, 74.05 W, 1530 MHz, 877 MHz, 1530 MHz
0, 2023/10/17 23:48:45.954, 57.07 W, 1290 MHz, 877 MHz, 1290 MHz
1, 2023/10/17 23:48:45.956, 42.06 W, 135 MHz, 877 MHz, 135 MHz
2, 2023/10/17 23:48:45.958, 42.95 W, 135 MHz, 877 MHz, 135 MHz
3, 2023/10/17 23:48:45.959, 73.57 W, 1530 MHz, 877 MHz, 1530 MHz
0, 2023/10/17 23:48:55.962, 57.07 W, 1290 MHz, 877 MHz, 1290 MHz
1, 2023/10/17 23:48:55.964, 42.06 W, 135 MHz, 877 MHz, 135 MHz
2, 2023/10/17 23:48:55.966, 42.95 W, 135 MHz, 877 MHz, 135 MHz
3, 2023/10/17 23:48:55.968, 73.57 W, 1530 MHz, 877 MHz, 1530 MHz
0, 2023/10/17 23:49:05.970, 57.07 W, 1290 MHz, 877 MHz, 1290 MHz
1, 2023/10/17 23:49:05.972, 42.06 W, 135 MHz, 877 MHz, 135 MHz
2, 2023/10/17 23:49:05.974, 42.95 W, 135 MHz, 877 MHz, 135 MHz
3, 2023/10/17 23:49:05.976, 71.62 W, 1530 MHz, 877 MHz, 1530 MHz
0, 2023/10/17 23:49:15.978, 57.07 W, 1290 MHz, 877 MHz, 1290 MHz
1, 2023/10/17 23:49:15.980, 42.06 W, 135 MHz, 877 MHz, 135 MHz
2, 2023/10/17 23:49:15.981, 42.95 W, 135 MHz, 877 MHz, 135 MHz
3, 2023/10/17 23:49:15.983, 73.08 W, 1530 MHz, 877 MHz, 1530 MHz
0, 2023/10/17 23:49:25.985, 57.07 W, 1290 MHz, 877 MHz, 1290 MHz
1, 2023/10/17 23:49:25.988, 42.06 W, 135 MHz, 877 MHz, 135 MHz
2, 2023/10/17 23:49:25.990, 42.95 W, 135 MHz, 877 MHz, 135 MHz
3, 2023/10/17 23:49:25.992, 73.57 W, 1530 MHz, 877 MHz, 1530 MHz
0, 2023/10/17 23:49:35.994, 57.07 W, 1290 MHz, 877 MHz, 1290 MHz
1, 2023/10/17 23:49:35.996, 42.06 W, 135 MHz, 877 MHz, 135 MHz
2, 2023/10/17 23:49:35.998, 42.95 W, 135 MHz, 877 MHz, 135 MHz
3, 2023/10/17 23:49:36.000, 73.57 W, 1530 MHz, 877 MHz, 1530 MHz
0, 2023/10/17 23:49:46.002, 56.88 W, 1290 MHz, 877 MHz, 1290 MHz
1, 2023/10/17 23:49:46.004, 42.01 W, 135 MHz, 877 MHz, 135 MHz
2, 2023/10/17 23:49:46.005, 42.87 W, 135 MHz, 877 MHz, 135 MHz
3, 2023/10/17 23:49:46.007, 211.20 W, 1530 MHz, 877 MHz, 1530 MHz
0, 2023/10/17 23:49:56.009, 57.10 W, 1290 MHz, 877 MHz, 1290 MHz
1, 2023/10/17 23:49:56.011, 42.09 W, 135 MHz, 877 MHz, 135 MHz
2, 2023/10/17 23:49:56.013, 42.95 W, 135 MHz, 877 MHz, 135 MHz
3, 2023/10/17 23:49:56.015, 58.53 W, 1290 MHz, 877 MHz, 1290 MHz
0, 2023/10/17 23:50:06.017, 57.07 W, 1290 MHz, 877 MHz, 1290 MHz
1, 2023/10/17 23:50:06.020, 42.06 W, 135 MHz, 877 MHz, 135 MHz
2, 2023/10/17 23:50:06.022, 42.95 W, 135 MHz, 877 MHz, 135 MHz
3, 2023/10/17 23:50:06.023, 73.57 W, 1530 MHz, 877 MHz, 1530 MHz
0, 2023/10/17 23:50:16.027, 57.07 W, 1290 MHz, 877 MHz, 1290 MHz
1, 2023/10/17 23:50:16.028, 42.06 W, 135 MHz, 877 MHz, 135 MHz
2, 2023/10/17 23:50:16.031, 42.95 W, 135 MHz, 877 MHz, 135 MHz
3, 2023/10/17 23:50:16.032, 73.57 W, 1530 MHz, 877 MHz, 1530 MHz
0, 2023/10/17 23:50:26.035, 57.07 W, 1290 MHz, 877 MHz, 1290 MHz
1, 2023/10/17 23:50:26.037, 42.06 W, 135 MHz, 877 MHz, 135 MHz
2, 2023/10/17 23:50:26.039, 42.95 W, 135 MHz, 877 MHz, 135 MHz
3, 2023/10/17 23:50:26.040, 73.57 W, 1530 MHz, 877 MHz, 1530 MHz
0, 2023/10/17 23:50:36.042, 56.84 W, 1290 MHz, 877 MHz, 1290 MHz
1, 2023/10/17 23:50:36.044, 41.98 W, 135 MHz, 877 MHz, 135 MHz
2, 2023/10/17 23:50:36.046, 42.84 W, 135 MHz, 877 MHz, 135 MHz
3, 2023/10/17 23:50:36.048, 208.38 W, 1530 MHz, 877 MHz, 1530 MHz
0, 2023/10/17 23:50:46.050, 57.07 W, 1290 MHz, 877 MHz, 1290 MHz
1, 2023/10/17 23:50:46.052, 42.06 W, 135 MHz, 877 MHz, 135 MHz
2, 2023/10/17 23:50:46.053, 42.95 W, 135 MHz, 877 MHz, 135 MHz
3, 2023/10/17 23:50:46.055, 58.53 W, 1290 MHz, 877 MHz, 1290 MHz
0, 2023/10/17 23:50:56.056, 56.84 W, 1290 MHz, 877 MHz, 1290 MHz
1, 2023/10/17 23:50:56.058, 41.98 W, 135 MHz, 877 MHz, 135 MHz
2, 2023/10/17 23:50:56.060, 43.33 W, 135 MHz, 877 MHz, 135 MHz
3, 2023/10/17 23:50:56.061, 219.10 W, 1530 MHz, 877 MHz, 1530 MHz
0, 2023/10/17 23:51:06.063, 57.07 W, 1290 MHz, 877 MHz, 1290 MHz
1, 2023/10/17 23:51:06.065, 42.06 W, 135 MHz, 877 MHz, 135 MHz
2, 2023/10/17 23:51:06.067, 42.95 W, 135 MHz, 877 MHz, 135 MHz
3, 2023/10/17 23:51:06.068, 73.08 W, 1530 MHz, 877 MHz, 1530 MHz
0, 2023/10/17 23:51:16.071, 57.07 W, 1290 MHz, 877 MHz, 1290 MHz
1, 2023/10/17 23:51:16.073, 42.06 W, 135 MHz, 877 MHz, 135 MHz
2, 2023/10/17 23:51:16.074, 42.95 W, 135 MHz, 877 MHz, 135 MHz
3, 2023/10/17 23:51:16.076, 73.57 W, 1530 MHz, 877 MHz, 1530 MHz
0, 2023/10/17 23:51:26.079, 57.07 W, 1290 MHz, 877 MHz, 1290 MHz
1, 2023/10/17 23:51:26.081, 42.09 W, 135 MHz, 877 MHz, 135 MHz
2, 2023/10/17 23:51:26.082, 42.95 W, 135 MHz, 877 MHz, 135 MHz
3, 2023/10/17 23:51:26.084, 73.08 W, 1530 MHz, 877 MHz, 1530 MHz
0, 2023/10/17 23:51:36.087, 57.07 W, 1290 MHz, 877 MHz, 1290 MHz
1, 2023/10/17 23:51:36.089, 42.09 W, 135 MHz, 877 MHz, 135 MHz
2, 2023/10/17 23:51:36.090, 42.95 W, 135 MHz, 877 MHz, 135 MHz
3, 2023/10/17 23:51:36.092, 71.14 W, 1530 MHz, 877 MHz, 1530 MHz
0, 2023/10/17 23:51:46.094, 57.07 W, 1290 MHz, 877 MHz, 1290 MHz
1, 2023/10/17 23:51:46.096, 42.06 W, 135 MHz, 877 MHz, 135 MHz
2, 2023/10/17 23:51:46.098, 42.95 W, 135 MHz, 877 MHz, 135 MHz
3, 2023/10/17 23:51:46.100, 73.57 W, 1530 MHz, 877 MHz, 1530 MHz
0, 2023/10/17 23:51:56.102, 57.07 W, 1290 MHz, 877 MHz, 1290 MHz
1, 2023/10/17 23:51:56.105, 42.06 W, 135 MHz, 877 MHz, 135 MHz
2, 2023/10/17 23:51:56.106, 42.95 W, 135 MHz, 877 MHz, 135 MHz
3, 2023/10/17 23:51:56.108, 73.57 W, 1530 MHz, 877 MHz, 1530 MHz
0, 2023/10/17 23:52:06.111, 57.07 W, 1290 MHz, 877 MHz, 1290 MHz
1, 2023/10/17 23:52:06.113, 42.06 W, 135 MHz, 877 MHz, 135 MHz
2, 2023/10/17 23:52:06.115, 42.95 W, 135 MHz, 877 MHz, 135 MHz
3, 2023/10/17 23:52:06.117, 73.57 W, 1530 MHz, 877 MHz, 1530 MHz
0, 2023/10/17 23:52:16.119, 57.07 W, 1290 MHz, 877 MHz, 1290 MHz
1, 2023/10/17 23:52:16.121, 42.06 W, 135 MHz, 877 MHz, 135 MHz
2, 2023/10/17 23:52:16.123, 42.95 W, 135 MHz, 877 MHz, 135 MHz
3, 2023/10/17 23:52:16.126, 73.57 W, 1530 MHz, 877 MHz, 1530 MHz
0, 2023/10/17 23:52:26.128, 57.07 W, 1290 MHz, 877 MHz, 1290 MHz
1, 2023/10/17 23:52:26.130, 42.06 W, 135 MHz, 877 MHz, 135 MHz
2, 2023/10/17 23:52:26.132, 42.95 W, 135 MHz, 877 MHz, 135 MHz
3, 2023/10/17 23:52:26.134, 70.65 W, 1530 MHz, 877 MHz, 1530 MHz
0, 2023/10/17 23:52:36.137, 56.99 W, 1290 MHz, 877 MHz, 1290 MHz
1, 2023/10/17 23:52:36.138, 42.03 W, 135 MHz, 877 MHz, 135 MHz
2, 2023/10/17 23:52:36.140, 42.84 W, 135 MHz, 877 MHz, 135 MHz
3, 2023/10/17 23:52:36.142, 196.30 W, 1530 MHz, 877 MHz, 1530 MHz
0, 2023/10/17 23:52:46.145, 57.07 W, 1290 MHz, 877 MHz, 1290 MHz
1, 2023/10/17 23:52:46.147, 42.06 W, 135 MHz, 877 MHz, 135 MHz
2, 2023/10/17 23:52:46.149, 42.95 W, 135 MHz, 877 MHz, 135 MHz
3, 2023/10/17 23:52:46.152, 73.57 W, 1530 MHz, 877 MHz, 1530 MHz
0, 2023/10/17 23:52:56.154, 57.07 W, 1290 MHz, 877 MHz, 1290 MHz
1, 2023/10/17 23:52:56.156, 42.06 W, 135 MHz, 877 MHz, 135 MHz
2, 2023/10/17 23:52:56.158, 42.95 W, 135 MHz, 877 MHz, 135 MHz
3, 2023/10/17 23:52:56.160, 73.57 W, 1530 MHz, 877 MHz, 1530 MHz
0, 2023/10/17 23:53:06.162, 57.10 W, 1290 MHz, 877 MHz, 1290 MHz
1, 2023/10/17 23:53:06.164, 42.09 W, 135 MHz, 877 MHz, 135 MHz
2, 2023/10/17 23:53:06.166, 42.98 W, 135 MHz, 877 MHz, 135 MHz
3, 2023/10/17 23:53:06.167, 58.53 W, 1290 MHz, 877 MHz, 1290 MHz
0, 2023/10/17 23:53:16.170, 56.92 W, 1290 MHz, 877 MHz, 1290 MHz
1, 2023/10/17 23:53:16.172, 42.01 W, 135 MHz, 877 MHz, 135 MHz
2, 2023/10/17 23:53:16.174, 42.87 W, 135 MHz, 877 MHz, 135 MHz
3, 2023/10/17 23:53:16.176, 207.41 W, 1530 MHz, 877 MHz, 1530 MHz
0, 2023/10/17 23:53:26.178, 57.07 W, 1290 MHz, 877 MHz, 1290 MHz
1, 2023/10/17 23:53:26.183, 42.06 W, 135 MHz, 877 MHz, 135 MHz
2, 2023/10/17 23:53:26.185, 42.95 W, 135 MHz, 877 MHz, 135 MHz
3, 2023/10/17 23:53:26.187, 73.57 W, 1530 MHz, 877 MHz, 1530 MHz
0, 2023/10/17 23:53:36.189, 57.07 W, 1290 MHz, 877 MHz, 1290 MHz
1, 2023/10/17 23:53:36.191, 42.06 W, 135 MHz, 877 MHz, 135 MHz
2, 2023/10/17 23:53:36.193, 42.95 W, 135 MHz, 877 MHz, 135 MHz
3, 2023/10/17 23:53:36.195, 73.57 W, 1530 MHz, 877 MHz, 1530 MHz
0, 2023/10/17 23:53:46.197, 56.92 W, 1290 MHz, 877 MHz, 1290 MHz
1, 2023/10/17 23:53:46.198, 41.98 W, 135 MHz, 877 MHz, 135 MHz
2, 2023/10/17 23:53:46.200, 42.84 W, 135 MHz, 877 MHz, 135 MHz
3, 2023/10/17 23:53:46.201, 182.89 W, 1530 MHz, 877 MHz, 1530 MHz
0, 2023/10/17 23:53:56.203, 57.07 W, 1290 MHz, 877 MHz, 1290 MHz
1, 2023/10/17 23:53:56.205, 42.06 W, 135 MHz, 877 MHz, 135 MHz
2, 2023/10/17 23:53:56.207, 42.95 W, 135 MHz, 877 MHz, 135 MHz
3, 2023/10/17 23:53:56.209, 70.16 W, 1530 MHz, 877 MHz, 1530 MHz
0, 2023/10/17 23:54:06.213, 57.07 W, 1290 MHz, 877 MHz, 1290 MHz
1, 2023/10/17 23:54:06.214, 42.06 W, 135 MHz, 877 MHz, 135 MHz
2, 2023/10/17 23:54:06.216, 42.95 W, 135 MHz, 877 MHz, 135 MHz
3, 2023/10/17 23:54:06.217, 73.08 W, 1530 MHz, 877 MHz, 1530 MHz
0, 2023/10/17 23:54:16.219, 57.07 W, 1290 MHz, 877 MHz, 1290 MHz
1, 2023/10/17 23:54:16.221, 42.06 W, 135 MHz, 877 MHz, 135 MHz
2, 2023/10/17 23:54:16.223, 42.95 W, 135 MHz, 877 MHz, 135 MHz
3, 2023/10/17 23:54:16.225, 73.08 W, 1530 MHz, 877 MHz, 1530 MHz
0, 2023/10/17 23:54:26.228, 57.07 W, 1290 MHz, 877 MHz, 1290 MHz
1, 2023/10/17 23:54:26.230, 42.06 W, 135 MHz, 877 MHz, 135 MHz
2, 2023/10/17 23:54:26.231, 42.95 W, 135 MHz, 877 MHz, 135 MHz
3, 2023/10/17 23:54:26.233, 73.08 W, 1530 MHz, 877 MHz, 1530 MHz
0, 2023/10/17 23:54:36.235, 57.07 W, 1290 MHz, 877 MHz, 1290 MHz
1, 2023/10/17 23:54:36.237, 42.06 W, 135 MHz, 877 MHz, 135 MHz
2, 2023/10/17 23:54:36.239, 42.95 W, 135 MHz, 877 MHz, 135 MHz
3, 2023/10/17 23:54:36.241, 73.57 W, 1530 MHz, 877 MHz, 1530 MHz
0, 2023/10/17 23:54:46.243, 56.81 W, 1290 MHz, 877 MHz, 1290 MHz
1, 2023/10/17 23:54:46.245, 41.98 W, 135 MHz, 877 MHz, 135 MHz
2, 2023/10/17 23:54:46.248, 43.30 W, 135 MHz, 877 MHz, 135 MHz
3, 2023/10/17 23:54:46.249, 249.44 W, 1530 MHz, 877 MHz, 1530 MHz
0, 2023/10/17 23:54:56.251, 57.07 W, 1290 MHz, 877 MHz, 1290 MHz
1, 2023/10/17 23:54:56.253, 42.06 W, 135 MHz, 877 MHz, 135 MHz
2, 2023/10/17 23:54:56.255, 42.98 W, 135 MHz, 877 MHz, 135 MHz
3, 2023/10/17 23:54:56.257, 73.57 W, 1530 MHz, 877 MHz, 1530 MHz
0, 2023/10/17 23:55:06.259, 57.07 W, 1290 MHz, 877 MHz, 1290 MHz
1, 2023/10/17 23:55:06.261, 42.06 W, 135 MHz, 877 MHz, 135 MHz
2, 2023/10/17 23:55:06.262, 42.95 W, 135 MHz, 877 MHz, 135 MHz
3, 2023/10/17 23:55:06.264, 73.57 W, 1530 MHz, 877 MHz, 1530 MHz
0, 2023/10/17 23:55:16.266, 57.07 W, 1290 MHz, 877 MHz, 1290 MHz
1, 2023/10/17 23:55:16.268, 42.06 W, 135 MHz, 877 MHz, 135 MHz
2, 2023/10/17 23:55:16.270, 42.95 W, 135 MHz, 877 MHz, 135 MHz
3, 2023/10/17 23:55:16.272, 73.57 W, 1530 MHz, 877 MHz, 1530 MHz
0, 2023/10/17 23:55:26.274, 57.07 W, 1290 MHz, 877 MHz, 1290 MHz
1, 2023/10/17 23:55:26.276, 42.06 W, 135 MHz, 877 MHz, 135 MHz
2, 2023/10/17 23:55:26.278, 42.95 W, 135 MHz, 877 MHz, 135 MHz
3, 2023/10/17 23:55:26.280, 71.62 W, 1530 MHz, 877 MHz, 1530 MHz
0, 2023/10/17 23:55:36.282, 57.07 W, 1290 MHz, 877 MHz, 1290 MHz
1, 2023/10/17 23:55:36.285, 42.06 W, 135 MHz, 877 MHz, 135 MHz
2, 2023/10/17 23:55:36.287, 42.95 W, 135 MHz, 877 MHz, 135 MHz
3, 2023/10/17 23:55:36.289, 73.57 W, 1530 MHz, 877 MHz, 1530 MHz
0, 2023/10/17 23:55:46.291, 57.07 W, 1290 MHz, 877 MHz, 1290 MHz
1, 2023/10/17 23:55:46.293, 42.06 W, 135 MHz, 877 MHz, 135 MHz
2, 2023/10/17 23:55:46.295, 42.98 W, 135 MHz, 877 MHz, 135 MHz
3, 2023/10/17 23:55:46.296, 73.57 W, 1530 MHz, 877 MHz, 1530 MHz
0, 2023/10/17 23:55:56.299, 57.07 W, 1290 MHz, 877 MHz, 1290 MHz
1, 2023/10/17 23:55:56.301, 42.06 W, 135 MHz, 877 MHz, 135 MHz
2, 2023/10/17 23:55:56.302, 42.95 W, 135 MHz, 877 MHz, 135 MHz
3, 2023/10/17 23:55:56.304, 74.05 W, 1530 MHz, 877 MHz, 1530 MHz
0, 2023/10/17 23:56:06.307, 57.07 W, 1290 MHz, 877 MHz, 1290 MHz
1, 2023/10/17 23:56:06.309, 42.06 W, 135 MHz, 877 MHz, 135 MHz
2, 2023/10/17 23:56:06.311, 42.95 W, 135 MHz, 877 MHz, 135 MHz
3, 2023/10/17 23:56:06.313, 74.05 W, 1530 MHz, 877 MHz, 1530 MHz
0, 2023/10/17 23:56:16.315, 57.07 W, 1290 MHz, 877 MHz, 1290 MHz
1, 2023/10/17 23:56:16.318, 42.06 W, 135 MHz, 877 MHz, 135 MHz
2, 2023/10/17 23:56:16.319, 42.95 W, 135 MHz, 877 MHz, 135 MHz
3, 2023/10/17 23:56:16.321, 72.60 W, 1530 MHz, 877 MHz, 1530 MHz
0, 2023/10/17 23:56:26.323, 57.07 W, 1290 MHz, 877 MHz, 1290 MHz
1, 2023/10/17 23:56:26.325, 42.06 W, 135 MHz, 877 MHz, 135 MHz
2, 2023/10/17 23:56:26.327, 42.95 W, 135 MHz, 877 MHz, 135 MHz
3, 2023/10/17 23:56:26.329, 73.57 W, 1530 MHz, 877 MHz, 1530 MHz
0, 2023/10/17 23:56:36.331, 57.07 W, 1290 MHz, 877 MHz, 1290 MHz
1, 2023/10/17 23:56:36.333, 42.09 W, 135 MHz, 877 MHz, 135 MHz
2, 2023/10/17 23:56:36.335, 42.95 W, 135 MHz, 877 MHz, 135 MHz
3, 2023/10/17 23:56:36.336, 73.57 W, 1530 MHz, 877 MHz, 1530 MHz
0, 2023/10/17 23:56:46.340, 57.07 W, 1290 MHz, 877 MHz, 1290 MHz
1, 2023/10/17 23:56:46.342, 42.06 W, 135 MHz, 877 MHz, 135 MHz
2, 2023/10/17 23:56:46.343, 42.95 W, 135 MHz, 877 MHz, 135 MHz
3, 2023/10/17 23:56:46.345, 74.05 W, 1530 MHz, 877 MHz, 1530 MHz
0, 2023/10/17 23:56:56.347, 57.07 W, 1290 MHz, 877 MHz, 1290 MHz
1, 2023/10/17 23:56:56.349, 42.06 W, 135 MHz, 877 MHz, 135 MHz
2, 2023/10/17 23:56:56.351, 42.95 W, 135 MHz, 877 MHz, 135 MHz
3, 2023/10/17 23:56:56.353, 64.33 W, 1425 MHz, 877 MHz, 1425 MHz
0, 2023/10/17 23:57:06.354, 57.07 W, 1290 MHz, 877 MHz, 1290 MHz
1, 2023/10/17 23:57:06.356, 42.06 W, 135 MHz, 877 MHz, 135 MHz
2, 2023/10/17 23:57:06.359, 42.95 W, 135 MHz, 877 MHz, 135 MHz
3, 2023/10/17 23:57:06.360, 73.57 W, 1530 MHz, 877 MHz, 1530 MHz
0, 2023/10/17 23:57:16.363, 57.33 W, 1290 MHz, 877 MHz, 1290 MHz
1, 2023/10/17 23:57:16.365, 41.95 W, 135 MHz, 877 MHz, 135 MHz
2, 2023/10/17 23:57:16.366, 43.27 W, 135 MHz, 877 MHz, 135 MHz
3, 2023/10/17 23:57:16.368, 249.90 W, 1530 MHz, 877 MHz, 1530 MHz
0, 2023/10/17 23:57:26.370, 57.07 W, 1290 MHz, 877 MHz, 1290 MHz
1, 2023/10/17 23:57:26.372, 42.06 W, 135 MHz, 877 MHz, 135 MHz
2, 2023/10/17 23:57:26.374, 42.95 W, 135 MHz, 877 MHz, 135 MHz
3, 2023/10/17 23:57:26.376, 73.57 W, 1530 MHz, 877 MHz, 1530 MHz
0, 2023/10/17 23:57:36.379, 56.92 W, 1290 MHz, 877 MHz, 1290 MHz
1, 2023/10/17 23:57:36.380, 42.01 W, 135 MHz, 877 MHz, 135 MHz
2, 2023/10/17 23:57:36.382, 43.35 W, 135 MHz, 877 MHz, 135 MHz
3, 2023/10/17 23:57:36.384, 206.31 W, 1530 MHz, 877 MHz, 1530 MHz
0, 2023/10/17 23:57:46.386, 57.10 W, 1290 MHz, 877 MHz, 1290 MHz
1, 2023/10/17 23:57:46.388, 42.06 W, 135 MHz, 877 MHz, 135 MHz
2, 2023/10/17 23:57:46.390, 42.95 W, 135 MHz, 877 MHz, 135 MHz
3, 2023/10/17 23:57:46.392, 58.53 W, 1290 MHz, 877 MHz, 1290 MHz
0, 2023/10/17 23:57:56.394, 57.07 W, 1290 MHz, 877 MHz, 1290 MHz
1, 2023/10/17 23:57:56.396, 42.06 W, 135 MHz, 877 MHz, 135 MHz
2, 2023/10/17 23:57:56.397, 42.95 W, 135 MHz, 877 MHz, 135 MHz
3, 2023/10/17 23:57:56.398, 73.08 W, 1530 MHz, 877 MHz, 1530 MHz
0, 2023/10/17 23:58:06.400, 57.07 W, 1290 MHz, 877 MHz, 1290 MHz
1, 2023/10/17 23:58:06.403, 42.06 W, 135 MHz, 877 MHz, 135 MHz
2, 2023/10/17 23:58:06.404, 42.95 W, 135 MHz, 877 MHz, 135 MHz
3, 2023/10/17 23:58:06.406, 73.57 W, 1530 MHz, 877 MHz, 1530 MHz
0, 2023/10/17 23:58:16.408, 56.77 W, 1290 MHz, 877 MHz, 1290 MHz
1, 2023/10/17 23:58:16.410, 41.95 W, 135 MHz, 877 MHz, 135 MHz
2, 2023/10/17 23:58:16.412, 42.78 W, 135 MHz, 877 MHz, 135 MHz
3, 2023/10/17 23:58:16.413, 246.37 W, 1530 MHz, 877 MHz, 1530 MHz
0, 2023/10/17 23:58:26.416, 57.10 W, 1290 MHz, 877 MHz, 1290 MHz
1, 2023/10/17 23:58:26.417, 42.09 W, 135 MHz, 877 MHz, 135 MHz
2, 2023/10/17 23:58:26.419, 42.98 W, 135 MHz, 877 MHz, 135 MHz
3, 2023/10/17 23:58:26.421, 59.01 W, 1290 MHz, 877 MHz, 1290 MHz
0, 2023/10/17 23:58:36.423, 57.07 W, 1290 MHz, 877 MHz, 1290 MHz
1, 2023/10/17 23:58:36.425, 42.06 W, 135 MHz, 877 MHz, 135 MHz
2, 2023/10/17 23:58:36.427, 42.95 W, 135 MHz, 877 MHz, 135 MHz
3, 2023/10/17 23:58:36.428, 71.62 W, 1530 MHz, 877 MHz, 1530 MHz
0, 2023/10/17 23:58:46.430, 57.07 W, 1290 MHz, 877 MHz, 1290 MHz
1, 2023/10/17 23:58:46.432, 42.06 W, 135 MHz, 877 MHz, 135 MHz
2, 2023/10/17 23:58:46.434, 42.95 W, 135 MHz, 877 MHz, 135 MHz
3, 2023/10/17 23:58:46.436, 73.57 W, 1530 MHz, 877 MHz, 1530 MHz
0, 2023/10/17 23:58:56.439, 57.07 W, 1290 MHz, 877 MHz, 1290 MHz
1, 2023/10/17 23:58:56.441, 42.06 W, 135 MHz, 877 MHz, 135 MHz
2, 2023/10/17 23:58:56.442, 42.95 W, 135 MHz, 877 MHz, 135 MHz
3, 2023/10/17 23:58:56.444, 73.57 W, 1530 MHz, 877 MHz, 1530 MHz
0, 2023/10/17 23:59:06.446, 57.07 W, 1290 MHz, 877 MHz, 1290 MHz
1, 2023/10/17 23:59:06.448, 42.06 W, 135 MHz, 877 MHz, 135 MHz
2, 2023/10/17 23:59:06.449, 42.95 W, 135 MHz, 877 MHz, 135 MHz
3, 2023/10/17 23:59:06.451, 73.57 W, 1530 MHz, 877 MHz, 1530 MHz
0, 2023/10/17 23:59:16.453, 57.07 W, 1290 MHz, 877 MHz, 1290 MHz
1, 2023/10/17 23:59:16.455, 42.06 W, 135 MHz, 877 MHz, 135 MHz
2, 2023/10/17 23:59:16.457, 42.95 W, 135 MHz, 877 MHz, 135 MHz
3, 2023/10/17 23:59:16.459, 71.62 W, 1530 MHz, 877 MHz, 1530 MHz
0, 2023/10/17 23:59:26.461, 57.07 W, 1290 MHz, 877 MHz, 1290 MHz
1, 2023/10/17 23:59:26.463, 42.06 W, 135 MHz, 877 MHz, 135 MHz
2, 2023/10/17 23:59:26.464, 42.95 W, 135 MHz, 877 MHz, 135 MHz
3, 2023/10/17 23:59:26.466, 74.05 W, 1530 MHz, 877 MHz, 1530 MHz
0, 2023/10/17 23:59:36.468, 56.73 W, 1290 MHz, 877 MHz, 1290 MHz
1, 2023/10/17 23:59:36.470, 41.95 W, 135 MHz, 877 MHz, 135 MHz
2, 2023/10/17 23:59:36.472, 43.30 W, 135 MHz, 877 MHz, 135 MHz
3, 2023/10/17 23:59:36.474, 242.68 W, 1530 MHz, 877 MHz, 1530 MHz
0, 2023/10/17 23:59:46.477, 57.07 W, 1290 MHz, 877 MHz, 1290 MHz
1, 2023/10/17 23:59:46.478, 42.06 W, 135 MHz, 877 MHz, 135 MHz
2, 2023/10/17 23:59:46.480, 42.95 W, 135 MHz, 877 MHz, 135 MHz
3, 2023/10/17 23:59:46.481, 73.57 W, 1530 MHz, 877 MHz, 1530 MHz
0, 2023/10/17 23:59:56.484, 57.07 W, 1290 MHz, 877 MHz, 1290 MHz
1, 2023/10/17 23:59:56.485, 42.06 W, 135 MHz, 877 MHz, 135 MHz
2, 2023/10/17 23:59:56.487, 42.95 W, 135 MHz, 877 MHz, 135 MHz
3, 2023/10/17 23:59:56.489, 73.57 W, 1530 MHz, 877 MHz, 1530 MHz
0, 2023/10/18 00:00:06.491, 57.07 W, 1290 MHz, 877 MHz, 1290 MHz
1, 2023/10/18 00:00:06.494, 42.06 W, 135 MHz, 877 MHz, 135 MHz
2, 2023/10/18 00:00:06.496, 42.95 W, 135 MHz, 877 MHz, 135 MHz
3, 2023/10/18 00:00:06.497, 72.60 W, 1530 MHz, 877 MHz, 1530 MHz
0, 2023/10/18 00:00:16.499, 57.07 W, 1290 MHz, 877 MHz, 1290 MHz
1, 2023/10/18 00:00:16.501, 42.06 W, 135 MHz, 877 MHz, 135 MHz
2, 2023/10/18 00:00:16.503, 42.95 W, 135 MHz, 877 MHz, 135 MHz
3, 2023/10/18 00:00:16.505, 77.89 W, 1530 MHz, 877 MHz, 1530 MHz
0, 2023/10/18 00:00:26.507, 56.84 W, 1290 MHz, 877 MHz, 1290 MHz
1, 2023/10/18 00:00:26.509, 41.98 W, 135 MHz, 877 MHz, 135 MHz
2, 2023/10/18 00:00:26.510, 43.30 W, 135 MHz, 877 MHz, 135 MHz
3, 2023/10/18 00:00:26.513, 235.62 W, 1530 MHz, 877 MHz, 1530 MHz
0, 2023/10/18 00:00:36.515, 57.07 W, 1290 MHz, 877 MHz, 1290 MHz
1, 2023/10/18 00:00:36.517, 42.06 W, 135 MHz, 877 MHz, 135 MHz
2, 2023/10/18 00:00:36.519, 42.95 W, 135 MHz, 877 MHz, 135 MHz
3, 2023/10/18 00:00:36.521, 73.57 W, 1530 MHz, 877 MHz, 1530 MHz
0, 2023/10/18 00:00:46.524, 57.07 W, 1290 MHz, 877 MHz, 1290 MHz
1, 2023/10/18 00:00:46.526, 42.06 W, 135 MHz, 877 MHz, 135 MHz
2, 2023/10/18 00:00:46.527, 42.95 W, 135 MHz, 877 MHz, 135 MHz
3, 2023/10/18 00:00:46.529, 71.62 W, 1530 MHz, 877 MHz, 1530 MHz
0, 2023/10/18 00:00:56.532, 57.07 W, 1290 MHz, 877 MHz, 1290 MHz
1, 2023/10/18 00:00:56.534, 42.06 W, 135 MHz, 877 MHz, 135 MHz
2, 2023/10/18 00:00:56.536, 42.95 W, 135 MHz, 877 MHz, 135 MHz
3, 2023/10/18 00:00:56.538, 73.57 W, 1530 MHz, 877 MHz, 1530 MHz
0, 2023/10/18 00:01:06.540, 56.92 W, 1290 MHz, 877 MHz, 1290 MHz
1, 2023/10/18 00:01:06.542, 42.01 W, 135 MHz, 877 MHz, 135 MHz
2, 2023/10/18 00:01:06.544, 43.35 W, 135 MHz, 877 MHz, 135 MHz
3, 2023/10/18 00:01:06.546, 213.07 W, 1530 MHz, 877 MHz, 1530 MHz
0, 2023/10/18 00:01:16.548, 57.07 W, 1290 MHz, 877 MHz, 1290 MHz
1, 2023/10/18 00:01:16.551, 42.06 W, 135 MHz, 877 MHz, 135 MHz
2, 2023/10/18 00:01:16.553, 42.95 W, 135 MHz, 877 MHz, 135 MHz
3, 2023/10/18 00:01:16.555, 73.57 W, 1530 MHz, 877 MHz, 1530 MHz
0, 2023/10/18 00:01:26.557, 57.07 W, 1290 MHz, 877 MHz, 1290 MHz
1, 2023/10/18 00:01:26.559, 42.06 W, 135 MHz, 877 MHz, 135 MHz
2, 2023/10/18 00:01:26.560, 42.95 W, 135 MHz, 877 MHz, 135 MHz
3, 2023/10/18 00:01:26.562, 86.64 W, 1530 MHz, 877 MHz, 1530 MHz
0, 2023/10/18 00:01:36.564, 57.10 W, 1290 MHz, 877 MHz, 1290 MHz
1, 2023/10/18 00:01:36.567, 42.06 W, 135 MHz, 877 MHz, 135 MHz
2, 2023/10/18 00:01:36.568, 42.98 W, 135 MHz, 877 MHz, 135 MHz
3, 2023/10/18 00:01:36.570, 59.01 W, 1290 MHz, 877 MHz, 1290 MHz
0, 2023/10/18 00:01:46.572, 57.07 W, 1290 MHz, 877 MHz, 1290 MHz
1, 2023/10/18 00:01:46.575, 42.06 W, 135 MHz, 877 MHz, 135 MHz
2, 2023/10/18 00:01:46.576, 42.95 W, 135 MHz, 877 MHz, 135 MHz
3, 2023/10/18 00:01:46.578, 73.57 W, 1530 MHz, 877 MHz, 1530 MHz
0, 2023/10/18 00:01:56.580, 57.07 W, 1290 MHz, 877 MHz, 1290 MHz
1, 2023/10/18 00:01:56.582, 42.09 W, 135 MHz, 877 MHz, 135 MHz
2, 2023/10/18 00:01:56.585, 42.98 W, 135 MHz, 877 MHz, 135 MHz
3, 2023/10/18 00:01:56.586, 73.57 W, 1530 MHz, 877 MHz, 1530 MHz
0, 2023/10/18 00:02:06.590, 57.07 W, 1290 MHz, 877 MHz, 1290 MHz
1, 2023/10/18 00:02:06.592, 42.06 W, 135 MHz, 877 MHz, 135 MHz
2, 2023/10/18 00:02:06.593, 42.95 W, 135 MHz, 877 MHz, 135 MHz
3, 2023/10/18 00:02:06.595, 73.57 W, 1530 MHz, 877 MHz, 1530 MHz
0, 2023/10/18 00:02:16.598, 57.07 W, 1290 MHz, 877 MHz, 1290 MHz
1, 2023/10/18 00:02:16.600, 42.06 W, 135 MHz, 877 MHz, 135 MHz
2, 2023/10/18 00:02:16.602, 42.95 W, 135 MHz, 877 MHz, 135 MHz
3, 2023/10/18 00:02:16.603, 73.57 W, 1530 MHz, 877 MHz, 1530 MHz
0, 2023/10/18 00:02:26.606, 57.07 W, 1290 MHz, 877 MHz, 1290 MHz
1, 2023/10/18 00:02:26.608, 42.06 W, 135 MHz, 877 MHz, 135 MHz
2, 2023/10/18 00:02:26.610, 42.95 W, 135 MHz, 877 MHz, 135 MHz
3, 2023/10/18 00:02:26.611, 71.62 W, 1530 MHz, 877 MHz, 1530 MHz
0, 2023/10/18 00:02:36.614, 57.07 W, 1290 MHz, 877 MHz, 1290 MHz
1, 2023/10/18 00:02:36.616, 42.06 W, 135 MHz, 877 MHz, 135 MHz
2, 2023/10/18 00:02:36.617, 42.95 W, 135 MHz, 877 MHz, 135 MHz
3, 2023/10/18 00:02:36.619, 73.57 W, 1530 MHz, 877 MHz, 1530 MHz
0, 2023/10/18 00:02:46.622, 57.07 W, 1290 MHz, 877 MHz, 1290 MHz
1, 2023/10/18 00:02:46.624, 42.06 W, 135 MHz, 877 MHz, 135 MHz
2, 2023/10/18 00:02:46.626, 42.95 W, 135 MHz, 877 MHz, 135 MHz
3, 2023/10/18 00:02:46.628, 73.57 W, 1530 MHz, 877 MHz, 1530 MHz
0, 2023/10/18 00:02:56.630, 57.07 W, 1290 MHz, 877 MHz, 1290 MHz
1, 2023/10/18 00:02:56.632, 42.09 W, 135 MHz, 877 MHz, 135 MHz
2, 2023/10/18 00:02:56.634, 42.95 W, 135 MHz, 877 MHz, 135 MHz
3, 2023/10/18 00:02:56.636, 77.46 W, 1530 MHz, 877 MHz, 1530 MHz
0, 2023/10/18 00:03:06.638, 57.07 W, 1290 MHz, 877 MHz, 1290 MHz
1, 2023/10/18 00:03:06.640, 42.06 W, 135 MHz, 877 MHz, 135 MHz
2, 2023/10/18 00:03:06.641, 42.95 W, 135 MHz, 877 MHz, 135 MHz
3, 2023/10/18 00:03:06.642, 73.57 W, 1530 MHz, 877 MHz, 1530 MHz
0, 2023/10/18 00:03:16.644, 57.07 W, 1290 MHz, 877 MHz, 1290 MHz
1, 2023/10/18 00:03:16.645, 42.06 W, 135 MHz, 877 MHz, 135 MHz
2, 2023/10/18 00:03:16.647, 42.95 W, 135 MHz, 877 MHz, 135 MHz
3, 2023/10/18 00:03:16.648, 71.14 W, 1530 MHz, 877 MHz, 1530 MHz
0, 2023/10/18 00:03:26.651, 57.07 W, 1290 MHz, 877 MHz, 1290 MHz
1, 2023/10/18 00:03:26.653, 42.06 W, 135 MHz, 877 MHz, 135 MHz
2, 2023/10/18 00:03:26.654, 42.95 W, 135 MHz, 877 MHz, 135 MHz
3, 2023/10/18 00:03:26.656, 73.57 W, 1530 MHz, 877 MHz, 1530 MHz
0, 2023/10/18 00:03:36.658, 57.07 W, 1290 MHz, 877 MHz, 1290 MHz
1, 2023/10/18 00:03:36.659, 42.06 W, 135 MHz, 877 MHz, 135 MHz
2, 2023/10/18 00:03:36.661, 42.95 W, 135 MHz, 877 MHz, 135 MHz
3, 2023/10/18 00:03:36.663, 73.57 W, 1530 MHz, 877 MHz, 1530 MHz
0, 2023/10/18 00:03:46.665, 57.07 W, 1290 MHz, 877 MHz, 1290 MHz
1, 2023/10/18 00:03:46.667, 42.06 W, 135 MHz, 877 MHz, 135 MHz
2, 2023/10/18 00:03:46.668, 42.95 W, 135 MHz, 877 MHz, 135 MHz
3, 2023/10/18 00:03:46.670, 74.05 W, 1530 MHz, 877 MHz, 1530 MHz
0, 2023/10/18 00:03:56.672, 56.92 W, 1290 MHz, 877 MHz, 1290 MHz
1, 2023/10/18 00:03:56.681, 42.01 W, 135 MHz, 877 MHz, 135 MHz
2, 2023/10/18 00:03:56.682, 43.35 W, 135 MHz, 877 MHz, 135 MHz
3, 2023/10/18 00:03:56.684, 191.47 W, 1530 MHz, 877 MHz, 1530 MHz
0, 2023/10/18 00:04:06.687, 57.07 W, 1290 MHz, 877 MHz, 1290 MHz
1, 2023/10/18 00:04:06.689, 42.06 W, 135 MHz, 877 MHz, 135 MHz
2, 2023/10/18 00:04:06.690, 42.95 W, 135 MHz, 877 MHz, 135 MHz
3, 2023/10/18 00:04:06.692, 73.57 W, 1530 MHz, 877 MHz, 1530 MHz
0, 2023/10/18 00:04:16.694, 57.07 W, 1290 MHz, 877 MHz, 1290 MHz
1, 2023/10/18 00:04:16.696, 42.06 W, 135 MHz, 877 MHz, 135 MHz
2, 2023/10/18 00:04:16.698, 42.95 W, 135 MHz, 877 MHz, 135 MHz
3, 2023/10/18 00:04:16.700, 73.57 W, 1530 MHz, 877 MHz, 1530 MHz
0, 2023/10/18 00:04:26.702, 57.07 W, 1290 MHz, 877 MHz, 1290 MHz
1, 2023/10/18 00:04:26.704, 42.06 W, 135 MHz, 877 MHz, 135 MHz
2, 2023/10/18 00:04:26.706, 42.95 W, 135 MHz, 877 MHz, 135 MHz
3, 2023/10/18 00:04:26.708, 73.57 W, 1530 MHz, 877 MHz, 1530 MHz
0, 2023/10/18 00:04:36.710, 56.99 W, 1290 MHz, 877 MHz, 1290 MHz
1, 2023/10/18 00:04:36.711, 42.03 W, 135 MHz, 877 MHz, 135 MHz
2, 2023/10/18 00:04:36.713, 42.90 W, 135 MHz, 877 MHz, 135 MHz
3, 2023/10/18 00:04:36.714, 105.39 W, 1530 MHz, 877 MHz, 1530 MHz
0, 2023/10/18 00:04:46.717, 57.10 W, 1290 MHz, 877 MHz, 1290 MHz
1, 2023/10/18 00:04:46.719, 42.09 W, 135 MHz, 877 MHz, 135 MHz
2, 2023/10/18 00:04:46.721, 42.95 W, 135 MHz, 877 MHz, 135 MHz
3, 2023/10/18 00:04:46.722, 59.01 W, 1290 MHz, 877 MHz, 1290 MHz
0, 2023/10/18 00:04:56.724, 57.07 W, 1290 MHz, 877 MHz, 1290 MHz
1, 2023/10/18 00:04:56.726, 42.06 W, 135 MHz, 877 MHz, 135 MHz
2, 2023/10/18 00:04:56.728, 42.95 W, 135 MHz, 877 MHz, 135 MHz
3, 2023/10/18 00:04:56.730, 71.62 W, 1530 MHz, 877 MHz, 1530 MHz
0, 2023/10/18 00:05:06.732, 57.07 W, 1290 MHz, 877 MHz, 1290 MHz
1, 2023/10/18 00:05:06.734, 42.06 W, 135 MHz, 877 MHz, 135 MHz
2, 2023/10/18 00:05:06.735, 42.95 W, 135 MHz, 877 MHz, 135 MHz
3, 2023/10/18 00:05:06.737, 73.08 W, 1530 MHz, 877 MHz, 1530 MHz
0, 2023/10/18 00:05:16.740, 56.88 W, 1290 MHz, 877 MHz, 1290 MHz
1, 2023/10/18 00:05:16.742, 41.98 W, 135 MHz, 877 MHz, 135 MHz
2, 2023/10/18 00:05:16.744, 42.84 W, 135 MHz, 877 MHz, 135 MHz
3, 2023/10/18 00:05:16.745, 183.62 W, 1530 MHz, 877 MHz, 1530 MHz
0, 2023/10/18 00:05:26.748, 57.07 W, 1290 MHz, 877 MHz, 1290 MHz
1, 2023/10/18 00:05:26.749, 42.06 W, 135 MHz, 877 MHz, 135 MHz
2, 2023/10/18 00:05:26.751, 42.95 W, 135 MHz, 877 MHz, 135 MHz
3, 2023/10/18 00:05:26.753, 73.57 W, 1530 MHz, 877 MHz, 1530 MHz
0, 2023/10/18 00:05:36.756, 57.07 W, 1290 MHz, 877 MHz, 1290 MHz
1, 2023/10/18 00:05:36.758, 42.06 W, 135 MHz, 877 MHz, 135 MHz
2, 2023/10/18 00:05:36.760, 42.95 W, 135 MHz, 877 MHz, 135 MHz
3, 2023/10/18 00:05:36.761, 61.94 W, 1357 MHz, 877 MHz, 1357 MHz
0, 2023/10/18 00:05:46.764, 57.07 W, 1290 MHz, 877 MHz, 1290 MHz
1, 2023/10/18 00:05:46.765, 42.06 W, 135 MHz, 877 MHz, 135 MHz
2, 2023/10/18 00:05:46.767, 42.95 W, 135 MHz, 877 MHz, 135 MHz
3, 2023/10/18 00:05:46.769, 71.14 W, 1530 MHz, 877 MHz, 1530 MHz
0, 2023/10/18 00:05:56.772, 57.07 W, 1290 MHz, 877 MHz, 1290 MHz
1, 2023/10/18 00:05:56.774, 42.06 W, 135 MHz, 877 MHz, 135 MHz
2, 2023/10/18 00:05:56.775, 42.95 W, 135 MHz, 877 MHz, 135 MHz
3, 2023/10/18 00:05:56.777, 73.57 W, 1530 MHz, 877 MHz, 1530 MHz
0, 2023/10/18 00:06:06.779, 57.07 W, 1290 MHz, 877 MHz, 1290 MHz
1, 2023/10/18 00:06:06.781, 42.06 W, 135 MHz, 877 MHz, 135 MHz
2, 2023/10/18 00:06:06.783, 42.95 W, 135 MHz, 877 MHz, 135 MHz
3, 2023/10/18 00:06:06.784, 73.57 W, 1530 MHz, 877 MHz, 1530 MHz
0, 2023/10/18 00:06:16.787, 57.10 W, 1290 MHz, 877 MHz, 1290 MHz
1, 2023/10/18 00:06:16.789, 42.09 W, 135 MHz, 877 MHz, 135 MHz
2, 2023/10/18 00:06:16.790, 42.98 W, 135 MHz, 877 MHz, 135 MHz
3, 2023/10/18 00:06:16.792, 58.53 W, 1290 MHz, 877 MHz, 1290 MHz
0, 2023/10/18 00:06:26.795, 57.07 W, 1290 MHz, 877 MHz, 1290 MHz
1, 2023/10/18 00:06:26.797, 42.09 W, 135 MHz, 877 MHz, 135 MHz
2, 2023/10/18 00:06:26.798, 42.98 W, 135 MHz, 877 MHz, 135 MHz
3, 2023/10/18 00:06:26.800, 72.60 W, 1530 MHz, 877 MHz, 1530 MHz
0, 2023/10/18 00:06:36.802, 57.07 W, 1290 MHz, 877 MHz, 1290 MHz
1, 2023/10/18 00:06:36.804, 42.06 W, 135 MHz, 877 MHz, 135 MHz
2, 2023/10/18 00:06:36.806, 42.95 W, 135 MHz, 877 MHz, 135 MHz
3, 2023/10/18 00:06:36.808, 73.57 W, 1530 MHz, 877 MHz, 1530 MHz
0, 2023/10/18 00:06:46.811, 57.07 W, 1290 MHz, 877 MHz, 1290 MHz
1, 2023/10/18 00:06:46.813, 42.06 W, 135 MHz, 877 MHz, 135 MHz
2, 2023/10/18 00:06:46.814, 42.95 W, 135 MHz, 877 MHz, 135 MHz
3, 2023/10/18 00:06:46.816, 73.08 W, 1530 MHz, 877 MHz, 1530 MHz
0, 2023/10/18 00:06:56.819, 57.07 W, 1290 MHz, 877 MHz, 1290 MHz
1, 2023/10/18 00:06:56.821, 42.06 W, 135 MHz, 877 MHz, 135 MHz
2, 2023/10/18 00:06:56.822, 42.95 W, 135 MHz, 877 MHz, 135 MHz
3, 2023/10/18 00:06:56.824, 73.57 W, 1530 MHz, 877 MHz, 1530 MHz
0, 2023/10/18 00:07:06.827, 57.07 W, 1290 MHz, 877 MHz, 1290 MHz
1, 2023/10/18 00:07:06.829, 42.06 W, 135 MHz, 877 MHz, 135 MHz
2, 2023/10/18 00:07:06.831, 42.95 W, 135 MHz, 877 MHz, 135 MHz
3, 2023/10/18 00:07:06.833, 64.37 W, 1425 MHz, 877 MHz, 1425 MHz
0, 2023/10/18 00:07:16.835, 57.07 W, 1290 MHz, 877 MHz, 1290 MHz
1, 2023/10/18 00:07:16.837, 42.06 W, 135 MHz, 877 MHz, 135 MHz
2, 2023/10/18 00:07:16.839, 42.95 W, 135 MHz, 877 MHz, 135 MHz
3, 2023/10/18 00:07:16.840, 72.60 W, 1530 MHz, 877 MHz, 1530 MHz
0, 2023/10/18 00:07:26.844, 57.07 W, 1290 MHz, 877 MHz, 1290 MHz
1, 2023/10/18 00:07:26.845, 42.06 W, 135 MHz, 877 MHz, 135 MHz
2, 2023/10/18 00:07:26.847, 42.95 W, 135 MHz, 877 MHz, 135 MHz
3, 2023/10/18 00:07:26.849, 73.08 W, 1530 MHz, 877 MHz, 1530 MHz
0, 2023/10/18 00:07:36.851, 57.07 W, 1290 MHz, 877 MHz, 1290 MHz
1, 2023/10/18 00:07:36.853, 42.06 W, 135 MHz, 877 MHz, 135 MHz
2, 2023/10/18 00:07:36.854, 42.95 W, 135 MHz, 877 MHz, 135 MHz
3, 2023/10/18 00:07:36.856, 73.08 W, 1530 MHz, 877 MHz, 1530 MHz
0, 2023/10/18 00:07:46.858, 56.84 W, 1290 MHz, 877 MHz, 1290 MHz
1, 2023/10/18 00:07:46.860, 41.95 W, 135 MHz, 877 MHz, 135 MHz
2, 2023/10/18 00:07:46.862, 43.30 W, 135 MHz, 877 MHz, 135 MHz
3, 2023/10/18 00:07:46.864, 235.61 W, 1530 MHz, 877 MHz, 1530 MHz
0, 2023/10/18 00:07:56.867, 57.07 W, 1290 MHz, 877 MHz, 1290 MHz
1, 2023/10/18 00:07:56.868, 42.06 W, 135 MHz, 877 MHz, 135 MHz
2, 2023/10/18 00:07:56.870, 42.95 W, 135 MHz, 877 MHz, 135 MHz
3, 2023/10/18 00:07:56.872, 71.62 W, 1530 MHz, 877 MHz, 1530 MHz
0, 2023/10/18 00:08:06.874, 56.88 W, 1290 MHz, 877 MHz, 1290 MHz
1, 2023/10/18 00:08:06.876, 42.01 W, 135 MHz, 877 MHz, 135 MHz
2, 2023/10/18 00:08:06.878, 42.87 W, 135 MHz, 877 MHz, 135 MHz
3, 2023/10/18 00:08:06.880, 206.79 W, 1530 MHz, 877 MHz, 1530 MHz
0, 2023/10/18 00:08:16.883, 57.07 W, 1290 MHz, 877 MHz, 1290 MHz
1, 2023/10/18 00:08:16.884, 42.06 W, 135 MHz, 877 MHz, 135 MHz
2, 2023/10/18 00:08:16.886, 42.95 W, 135 MHz, 877 MHz, 135 MHz
3, 2023/10/18 00:08:16.888, 73.57 W, 1530 MHz, 877 MHz, 1530 MHz
0, 2023/10/18 00:08:26.890, 57.10 W, 1290 MHz, 877 MHz, 1290 MHz
1, 2023/10/18 00:08:26.892, 42.09 W, 135 MHz, 877 MHz, 135 MHz
2, 2023/10/18 00:08:26.894, 42.98 W, 135 MHz, 877 MHz, 135 MHz
3, 2023/10/18 00:08:26.895, 75.03 W, 1530 MHz, 877 MHz, 1530 MHz
0, 2023/10/18 00:08:36.898, 57.07 W, 1290 MHz, 877 MHz, 1290 MHz
1, 2023/10/18 00:08:36.900, 42.06 W, 135 MHz, 877 MHz, 135 MHz
2, 2023/10/18 00:08:36.901, 42.95 W, 135 MHz, 877 MHz, 135 MHz
3, 2023/10/18 00:08:36.903, 59.50 W, 1290 MHz, 877 MHz, 1290 MHz
0, 2023/10/18 00:08:46.906, 57.07 W, 1290 MHz, 877 MHz, 1290 MHz
1, 2023/10/18 00:08:46.908, 42.06 W, 135 MHz, 877 MHz, 135 MHz
2, 2023/10/18 00:08:46.910, 42.95 W, 135 MHz, 877 MHz, 135 MHz
3, 2023/10/18 00:08:46.912, 73.57 W, 1530 MHz, 877 MHz, 1530 MHz
0, 2023/10/18 00:08:56.914, 57.07 W, 1290 MHz, 877 MHz, 1290 MHz
1, 2023/10/18 00:08:56.916, 42.06 W, 135 MHz, 877 MHz, 135 MHz
2, 2023/10/18 00:08:56.918, 42.95 W, 135 MHz, 877 MHz, 135 MHz
3, 2023/10/18 00:08:56.919, 73.08 W, 1530 MHz, 877 MHz, 1530 MHz
0, 2023/10/18 00:09:06.922, 57.07 W, 1290 MHz, 877 MHz, 1290 MHz
1, 2023/10/18 00:09:06.923, 42.06 W, 135 MHz, 877 MHz, 135 MHz
2, 2023/10/18 00:09:06.925, 42.95 W, 135 MHz, 877 MHz, 135 MHz
3, 2023/10/18 00:09:06.927, 73.57 W, 1530 MHz, 877 MHz, 1530 MHz
0, 2023/10/18 00:09:16.929, 57.07 W, 1290 MHz, 877 MHz, 1290 MHz
1, 2023/10/18 00:09:16.931, 42.06 W, 135 MHz, 877 MHz, 135 MHz
2, 2023/10/18 00:09:16.933, 42.95 W, 135 MHz, 877 MHz, 135 MHz
3, 2023/10/18 00:09:16.935, 73.57 W, 1530 MHz, 877 MHz, 1530 MHz
0, 2023/10/18 00:09:26.937, 57.10 W, 1290 MHz, 877 MHz, 1290 MHz
1, 2023/10/18 00:09:26.940, 42.09 W, 135 MHz, 877 MHz, 135 MHz
2, 2023/10/18 00:09:26.942, 42.98 W, 135 MHz, 877 MHz, 135 MHz
3, 2023/10/18 00:09:26.945, 62.42 W, 1425 MHz, 877 MHz, 1425 MHz
0, 2023/10/18 00:09:36.948, 57.07 W, 1290 MHz, 877 MHz, 1290 MHz
1, 2023/10/18 00:09:36.950, 42.06 W, 135 MHz, 877 MHz, 135 MHz
2, 2023/10/18 00:09:36.952, 42.95 W, 135 MHz, 877 MHz, 135 MHz
3, 2023/10/18 00:09:36.953, 73.57 W, 1530 MHz, 877 MHz, 1530 MHz
0, 2023/10/18 00:09:46.955, 57.07 W, 1290 MHz, 877 MHz, 1290 MHz
1, 2023/10/18 00:09:46.957, 42.06 W, 135 MHz, 877 MHz, 135 MHz
2, 2023/10/18 00:09:46.959, 42.95 W, 135 MHz, 877 MHz, 135 MHz
3, 2023/10/18 00:09:46.960, 73.57 W, 1530 MHz, 877 MHz, 1530 MHz
0, 2023/10/18 00:09:56.963, 57.07 W, 1290 MHz, 877 MHz, 1290 MHz
1, 2023/10/18 00:09:56.965, 42.06 W, 135 MHz, 877 MHz, 135 MHz
2, 2023/10/18 00:09:56.968, 42.95 W, 135 MHz, 877 MHz, 135 MHz
3, 2023/10/18 00:09:56.969, 76.92 W, 1530 MHz, 877 MHz, 1530 MHz
0, 2023/10/18 00:10:06.971, 57.07 W, 1290 MHz, 877 MHz, 1290 MHz
1, 2023/10/18 00:10:06.973, 42.06 W, 135 MHz, 877 MHz, 135 MHz
2, 2023/10/18 00:10:06.975, 42.95 W, 135 MHz, 877 MHz, 135 MHz
3, 2023/10/18 00:10:06.977, 69.68 W, 1522 MHz, 877 MHz, 1522 MHz
0, 2023/10/18 00:10:16.980, 57.07 W, 1290 MHz, 877 MHz, 1290 MHz
1, 2023/10/18 00:10:16.982, 42.06 W, 135 MHz, 877 MHz, 135 MHz
2, 2023/10/18 00:10:16.983, 42.95 W, 135 MHz, 877 MHz, 135 MHz
3, 2023/10/18 00:10:16.985, 71.14 W, 1530 MHz, 877 MHz, 1530 MHz
0, 2023/10/18 00:10:26.988, 57.07 W, 1290 MHz, 877 MHz, 1290 MHz
1, 2023/10/18 00:10:26.989, 42.06 W, 135 MHz, 877 MHz, 135 MHz
2, 2023/10/18 00:10:26.991, 42.95 W, 135 MHz, 877 MHz, 135 MHz
3, 2023/10/18 00:10:26.992, 73.08 W, 1530 MHz, 877 MHz, 1530 MHz
0, 2023/10/18 00:10:36.994, 57.07 W, 1290 MHz, 877 MHz, 1290 MHz
1, 2023/10/18 00:10:36.997, 42.06 W, 135 MHz, 877 MHz, 135 MHz
2, 2023/10/18 00:10:36.998, 42.95 W, 135 MHz, 877 MHz, 135 MHz
3, 2023/10/18 00:10:37.000, 73.57 W, 1530 MHz, 877 MHz, 1530 MHz
0, 2023/10/18 00:10:47.002, 56.88 W, 1290 MHz, 877 MHz, 1290 MHz
1, 2023/10/18 00:10:47.004, 42.01 W, 135 MHz, 877 MHz, 135 MHz
2, 2023/10/18 00:10:47.005, 43.33 W, 135 MHz, 877 MHz, 135 MHz
3, 2023/10/18 00:10:47.006, 212.25 W, 1530 MHz, 877 MHz, 1530 MHz
0, 2023/10/18 00:10:57.009, 57.07 W, 1290 MHz, 877 MHz, 1290 MHz
1, 2023/10/18 00:10:57.010, 42.06 W, 135 MHz, 877 MHz, 135 MHz
2, 2023/10/18 00:10:57.012, 42.95 W, 135 MHz, 877 MHz, 135 MHz
3, 2023/10/18 00:10:57.014, 59.01 W, 1290 MHz, 877 MHz, 1290 MHz
0, 2023/10/18 00:11:07.016, 57.07 W, 1290 MHz, 877 MHz, 1290 MHz
1, 2023/10/18 00:11:07.018, 42.06 W, 135 MHz, 877 MHz, 135 MHz
2, 2023/10/18 00:11:07.020, 42.95 W, 135 MHz, 877 MHz, 135 MHz
3, 2023/10/18 00:11:07.021, 71.14 W, 1530 MHz, 877 MHz, 1530 MHz
0, 2023/10/18 00:11:17.024, 57.07 W, 1290 MHz, 877 MHz, 1290 MHz
1, 2023/10/18 00:11:17.025, 42.06 W, 135 MHz, 877 MHz, 135 MHz
2, 2023/10/18 00:11:17.027, 42.95 W, 135 MHz, 877 MHz, 135 MHz
3, 2023/10/18 00:11:17.028, 73.57 W, 1530 MHz, 877 MHz, 1530 MHz
0, 2023/10/18 00:11:27.030, 57.07 W, 1290 MHz, 877 MHz, 1290 MHz
1, 2023/10/18 00:11:27.032, 42.06 W, 135 MHz, 877 MHz, 135 MHz
2, 2023/10/18 00:11:27.034, 42.95 W, 135 MHz, 877 MHz, 135 MHz
3, 2023/10/18 00:11:27.036, 73.57 W, 1530 MHz, 877 MHz, 1530 MHz
0, 2023/10/18 00:11:37.039, 56.96 W, 1290 MHz, 877 MHz, 1290 MHz
1, 2023/10/18 00:11:37.042, 42.03 W, 135 MHz, 877 MHz, 135 MHz
2, 2023/10/18 00:11:37.043, 42.92 W, 135 MHz, 877 MHz, 135 MHz
3, 2023/10/18 00:11:37.045, 117.04 W, 1530 MHz, 877 MHz, 1530 MHz
0, 2023/10/18 00:11:47.048, 57.07 W, 1290 MHz, 877 MHz, 1290 MHz
1, 2023/10/18 00:11:47.049, 42.06 W, 135 MHz, 877 MHz, 135 MHz
2, 2023/10/18 00:11:47.051, 42.95 W, 135 MHz, 877 MHz, 135 MHz
3, 2023/10/18 00:11:47.053, 61.94 W, 1357 MHz, 877 MHz, 1357 MHz
0, 2023/10/18 00:11:57.056, 57.07 W, 1290 MHz, 877 MHz, 1290 MHz
1, 2023/10/18 00:11:57.058, 42.06 W, 135 MHz, 877 MHz, 135 MHz
2, 2023/10/18 00:11:57.060, 42.95 W, 135 MHz, 877 MHz, 135 MHz
3, 2023/10/18 00:11:57.061, 67.73 W, 1492 MHz, 877 MHz, 1492 MHz
0, 2023/10/18 00:12:07.064, 57.07 W, 1290 MHz, 877 MHz, 1290 MHz
1, 2023/10/18 00:12:07.066, 42.06 W, 135 MHz, 877 MHz, 135 MHz
2, 2023/10/18 00:12:07.068, 42.95 W, 135 MHz, 877 MHz, 135 MHz
3, 2023/10/18 00:12:07.070, 73.57 W, 1530 MHz, 877 MHz, 1530 MHz
0, 2023/10/18 00:12:17.072, 57.07 W, 1290 MHz, 877 MHz, 1290 MHz
1, 2023/10/18 00:12:17.074, 42.06 W, 135 MHz, 877 MHz, 135 MHz
2, 2023/10/18 00:12:17.076, 42.95 W, 135 MHz, 877 MHz, 135 MHz
3, 2023/10/18 00:12:17.077, 73.57 W, 1530 MHz, 877 MHz, 1530 MHz
0, 2023/10/18 00:12:27.080, 57.07 W, 1290 MHz, 877 MHz, 1290 MHz
1, 2023/10/18 00:12:27.082, 42.06 W, 135 MHz, 877 MHz, 135 MHz
2, 2023/10/18 00:12:27.083, 42.95 W, 135 MHz, 877 MHz, 135 MHz
3, 2023/10/18 00:12:27.085, 73.57 W, 1530 MHz, 877 MHz, 1530 MHz
0, 2023/10/18 00:12:37.088, 57.10 W, 1290 MHz, 877 MHz, 1290 MHz
1, 2023/10/18 00:12:37.089, 42.09 W, 135 MHz, 877 MHz, 135 MHz
2, 2023/10/18 00:12:37.091, 42.98 W, 135 MHz, 877 MHz, 135 MHz
3, 2023/10/18 00:12:37.093, 59.01 W, 1290 MHz, 877 MHz, 1290 MHz
0, 2023/10/18 00:12:47.095, 57.07 W, 1290 MHz, 877 MHz, 1290 MHz
1, 2023/10/18 00:12:47.097, 42.06 W, 135 MHz, 877 MHz, 135 MHz
2, 2023/10/18 00:12:47.099, 42.95 W, 135 MHz, 877 MHz, 135 MHz
3, 2023/10/18 00:12:47.101, 71.62 W, 1530 MHz, 877 MHz, 1530 MHz
0, 2023/10/18 00:12:57.103, 57.07 W, 1290 MHz, 877 MHz, 1290 MHz
1, 2023/10/18 00:12:57.105, 42.06 W, 135 MHz, 877 MHz, 135 MHz
2, 2023/10/18 00:12:57.107, 42.95 W, 135 MHz, 877 MHz, 135 MHz
3, 2023/10/18 00:12:57.109, 73.08 W, 1530 MHz, 877 MHz, 1530 MHz
0, 2023/10/18 00:13:07.111, 57.07 W, 1290 MHz, 877 MHz, 1290 MHz
1, 2023/10/18 00:13:07.113, 42.06 W, 135 MHz, 877 MHz, 135 MHz
2, 2023/10/18 00:13:07.115, 42.95 W, 135 MHz, 877 MHz, 135 MHz
3, 2023/10/18 00:13:07.116, 73.57 W, 1530 MHz, 877 MHz, 1530 MHz
0, 2023/10/18 00:13:17.119, 57.07 W, 1290 MHz, 877 MHz, 1290 MHz
1, 2023/10/18 00:13:17.121, 42.06 W, 135 MHz, 877 MHz, 135 MHz
2, 2023/10/18 00:13:17.122, 42.95 W, 135 MHz, 877 MHz, 135 MHz
3, 2023/10/18 00:13:17.124, 73.08 W, 1530 MHz, 877 MHz, 1530 MHz
0, 2023/10/18 00:13:27.127, 56.92 W, 1290 MHz, 877 MHz, 1290 MHz
1, 2023/10/18 00:13:27.129, 42.01 W, 135 MHz, 877 MHz, 135 MHz
2, 2023/10/18 00:13:27.130, 42.87 W, 135 MHz, 877 MHz, 135 MHz
3, 2023/10/18 00:13:27.132, 198.36 W, 1530 MHz, 877 MHz, 1530 MHz
0, 2023/10/18 00:13:37.135, 57.07 W, 1290 MHz, 877 MHz, 1290 MHz
1, 2023/10/18 00:13:37.137, 42.06 W, 135 MHz, 877 MHz, 135 MHz
2, 2023/10/18 00:13:37.139, 42.95 W, 135 MHz, 877 MHz, 135 MHz
3, 2023/10/18 00:13:37.141, 70.16 W, 1530 MHz, 877 MHz, 1530 MHz
0, 2023/10/18 00:13:47.143, 57.07 W, 1290 MHz, 877 MHz, 1290 MHz
1, 2023/10/18 00:13:47.144, 42.06 W, 135 MHz, 877 MHz, 135 MHz
2, 2023/10/18 00:13:47.148, 42.95 W, 135 MHz, 877 MHz, 135 MHz
3, 2023/10/18 00:13:47.149, 73.57 W, 1530 MHz, 877 MHz, 1530 MHz
0, 2023/10/18 00:13:57.153, 57.07 W, 1290 MHz, 877 MHz, 1290 MHz
1, 2023/10/18 00:13:57.154, 42.06 W, 135 MHz, 877 MHz, 135 MHz
2, 2023/10/18 00:13:57.156, 42.95 W, 135 MHz, 877 MHz, 135 MHz
3, 2023/10/18 00:13:57.158, 73.57 W, 1530 MHz, 877 MHz, 1530 MHz
0, 2023/10/18 00:14:07.160, 57.10 W, 1290 MHz, 877 MHz, 1290 MHz
1, 2023/10/18 00:14:07.162, 42.09 W, 135 MHz, 877 MHz, 135 MHz
2, 2023/10/18 00:14:07.164, 42.98 W, 135 MHz, 877 MHz, 135 MHz
3, 2023/10/18 00:14:07.165, 59.01 W, 1290 MHz, 877 MHz, 1290 MHz
0, 2023/10/18 00:14:17.168, 57.10 W, 1290 MHz, 877 MHz, 1290 MHz
1, 2023/10/18 00:14:17.170, 42.09 W, 135 MHz, 877 MHz, 135 MHz
2, 2023/10/18 00:14:17.171, 42.98 W, 135 MHz, 877 MHz, 135 MHz
3, 2023/10/18 00:14:17.173, 73.08 W, 1530 MHz, 877 MHz, 1530 MHz
0, 2023/10/18 00:14:27.175, 57.07 W, 1290 MHz, 877 MHz, 1290 MHz
1, 2023/10/18 00:14:27.177, 42.09 W, 135 MHz, 877 MHz, 135 MHz
2, 2023/10/18 00:14:27.180, 42.98 W, 135 MHz, 877 MHz, 135 MHz
3, 2023/10/18 00:14:27.182, 72.60 W, 1530 MHz, 877 MHz, 1530 MHz
0, 2023/10/18 00:14:37.184, 57.07 W, 1290 MHz, 877 MHz, 1290 MHz
1, 2023/10/18 00:14:37.186, 42.06 W, 135 MHz, 877 MHz, 135 MHz
2, 2023/10/18 00:14:37.188, 42.98 W, 135 MHz, 877 MHz, 135 MHz
3, 2023/10/18 00:14:37.190, 72.11 W, 1530 MHz, 877 MHz, 1530 MHz
0, 2023/10/18 00:14:47.193, 57.07 W, 1290 MHz, 877 MHz, 1290 MHz
1, 2023/10/18 00:14:47.194, 42.09 W, 135 MHz, 877 MHz, 135 MHz
2, 2023/10/18 00:14:47.196, 42.95 W, 135 MHz, 877 MHz, 135 MHz
3, 2023/10/18 00:14:47.198, 72.11 W, 1530 MHz, 877 MHz, 1530 MHz
0, 2023/10/18 00:14:57.201, 57.10 W, 1290 MHz, 877 MHz, 1290 MHz
1, 2023/10/18 00:14:57.202, 42.09 W, 135 MHz, 877 MHz, 135 MHz
2, 2023/10/18 00:14:57.204, 42.98 W, 135 MHz, 877 MHz, 135 MHz
3, 2023/10/18 00:14:57.206, 58.53 W, 1290 MHz, 877 MHz, 1290 MHz
0, 2023/10/18 00:15:07.208, 57.10 W, 1290 MHz, 877 MHz, 1290 MHz
1, 2023/10/18 00:15:07.210, 42.09 W, 135 MHz, 877 MHz, 135 MHz
2, 2023/10/18 00:15:07.212, 42.98 W, 135 MHz, 877 MHz, 135 MHz
3, 2023/10/18 00:15:07.214, 58.04 W, 1290 MHz, 877 MHz, 1290 MHz
0, 2023/10/18 00:15:17.216, 57.10 W, 1290 MHz, 877 MHz, 1290 MHz
1, 2023/10/18 00:15:17.217, 42.09 W, 135 MHz, 877 MHz, 135 MHz
2, 2023/10/18 00:15:17.219, 42.98 W, 135 MHz, 877 MHz, 135 MHz
3, 2023/10/18 00:15:17.221, 58.04 W, 1290 MHz, 877 MHz, 1290 MHz
0, 2023/10/18 00:15:27.223, 57.10 W, 1290 MHz, 877 MHz, 1290 MHz
1, 2023/10/18 00:15:27.225, 42.09 W, 135 MHz, 877 MHz, 135 MHz
2, 2023/10/18 00:15:27.227, 42.98 W, 135 MHz, 877 MHz, 135 MHz
3, 2023/10/18 00:15:27.229, 58.04 W, 1290 MHz, 877 MHz, 1290 MHz
0, 2023/10/18 00:15:37.231, 57.10 W, 1290 MHz, 877 MHz, 1290 MHz
1, 2023/10/18 00:15:37.233, 42.09 W, 135 MHz, 877 MHz, 135 MHz
2, 2023/10/18 00:15:37.234, 42.98 W, 135 MHz, 877 MHz, 135 MHz
3, 2023/10/18 00:15:37.236, 58.04 W, 1290 MHz, 877 MHz, 1290 MHz
0, 2023/10/18 00:15:47.239, 57.10 W, 1290 MHz, 877 MHz, 1290 MHz
1, 2023/10/18 00:15:47.241, 42.09 W, 135 MHz, 877 MHz, 135 MHz
2, 2023/10/18 00:15:47.242, 42.98 W, 135 MHz, 877 MHz, 135 MHz
3, 2023/10/18 00:15:47.244, 58.04 W, 1290 MHz, 877 MHz, 1290 MHz
0, 2023/10/18 00:15:57.247, 57.10 W, 1290 MHz, 877 MHz, 1290 MHz
1, 2023/10/18 00:15:57.248, 42.09 W, 135 MHz, 877 MHz, 135 MHz
2, 2023/10/18 00:15:57.250, 42.98 W, 135 MHz, 877 MHz, 135 MHz
3, 2023/10/18 00:15:57.252, 57.56 W, 1290 MHz, 877 MHz, 1290 MHz
0, 2023/10/18 00:16:07.255, 57.10 W, 1290 MHz, 877 MHz, 1290 MHz
1, 2023/10/18 00:16:07.256, 42.09 W, 135 MHz, 877 MHz, 135 MHz
2, 2023/10/18 00:16:07.258, 42.98 W, 135 MHz, 877 MHz, 135 MHz
3, 2023/10/18 00:16:07.260, 57.56 W, 1290 MHz, 877 MHz, 1290 MHz
0, 2023/10/18 00:16:17.263, 57.10 W, 1290 MHz, 877 MHz, 1290 MHz
1, 2023/10/18 00:16:17.264, 42.09 W, 135 MHz, 877 MHz, 135 MHz
2, 2023/10/18 00:16:17.266, 42.98 W, 135 MHz, 877 MHz, 135 MHz
3, 2023/10/18 00:16:17.268, 57.56 W, 1290 MHz, 877 MHz, 1290 MHz
0, 2023/10/18 00:16:27.270, 57.10 W, 1290 MHz, 877 MHz, 1290 MHz
1, 2023/10/18 00:16:27.272, 42.09 W, 135 MHz, 877 MHz, 135 MHz
2, 2023/10/18 00:16:27.274, 42.98 W, 135 MHz, 877 MHz, 135 MHz
3, 2023/10/18 00:16:27.276, 57.56 W, 1290 MHz, 877 MHz, 1290 MHz
0, 2023/10/18 00:16:37.278, 57.10 W, 1290 MHz, 877 MHz, 1290 MHz
1, 2023/10/18 00:16:37.280, 42.09 W, 135 MHz, 877 MHz, 135 MHz
2, 2023/10/18 00:16:37.281, 42.98 W, 135 MHz, 877 MHz, 135 MHz
3, 2023/10/18 00:16:37.283, 57.56 W, 1290 MHz, 877 MHz, 1290 MHz
0, 2023/10/18 00:16:47.285, 57.10 W, 1290 MHz, 877 MHz, 1290 MHz
1, 2023/10/18 00:16:47.287, 42.09 W, 135 MHz, 877 MHz, 135 MHz
2, 2023/10/18 00:16:47.289, 42.98 W, 135 MHz, 877 MHz, 135 MHz
3, 2023/10/18 00:16:47.290, 57.56 W, 1290 MHz, 877 MHz, 1290 MHz
0, 2023/10/18 00:16:57.293, 57.10 W, 1290 MHz, 877 MHz, 1290 MHz
1, 2023/10/18 00:16:57.295, 42.09 W, 135 MHz, 877 MHz, 135 MHz
2, 2023/10/18 00:16:57.296, 42.98 W, 135 MHz, 877 MHz, 135 MHz
3, 2023/10/18 00:16:57.298, 57.56 W, 1290 MHz, 877 MHz, 1290 MHz
0, 2023/10/18 00:17:07.300, 57.10 W, 1290 MHz, 877 MHz, 1290 MHz
1, 2023/10/18 00:17:07.302, 42.09 W, 135 MHz, 877 MHz, 135 MHz
2, 2023/10/18 00:17:07.303, 42.98 W, 135 MHz, 877 MHz, 135 MHz
3, 2023/10/18 00:17:07.306, 57.56 W, 1290 MHz, 877 MHz, 1290 MHz
0, 2023/10/18 00:17:17.308, 57.10 W, 1290 MHz, 877 MHz, 1290 MHz
1, 2023/10/18 00:17:17.310, 42.09 W, 135 